OrderDate,ProductKey,Country,EnglishProductName,SalesAmount,UnitPrice,OrderQuantity,TaxAmt,TotalProductCost
2016-01-01,336,Italy,"Road-650 Black, 62",699.0982,699.0982,1,55.9279,413.1463
2016-01-01,222,United States,"Sport-100 Helmet, Blue",34.99,34.99,1,2.7992,13.0863
2016-01-01,540,Canada,HL Road Tire,32.6,32.6,1,2.608,12.1924
2016-01-01,536,Italy,ML Mountain Tire,29.99,29.99,1,2.3992,11.2163
2016-01-01,490,Germany,"Short-Sleeve Classic Jersey, L",53.99,53.99,1,4.3192,41.5723
2016-01-01,225,Canada,AWC Logo Cap,8.99,8.99,1,0.7192,6.9223
2016-01-01,390,United States,"Road-550-W Yellow, 48",1120.49,1120.49,1,89.6392,713.0798
2016-01-01,479,India,Road Bottle Cage,8.99,8.99,1,0.7192,3.3623
2016-01-01,463,United States,"Half-Finger Gloves, S",24.49,24.49,1,1.9592,9.1593
2016-01-01,477,India,Water Bottle - 30 oz.,4.99,4.99,1,0.3992,1.8663
2016-01-01,540,United States,HL Road Tire,32.6,32.6,1,2.608,12.1924
2016-01-01,214,Canada,"Sport-100 Helmet, Red",34.99,34.99,1,2.7992,13.0863
2016-01-01,528,Italy,Mountain Tire Tube,4.99,4.99,1,0.3992,1.8663
2016-01-01,225,Canada,AWC Logo Cap,8.99,8.99,1,0.7192,6.9223
2016-01-01,372,Canada,"Road-250 Red, 58",2443.35,2443.35,1,195.468,1554.9479
2016-01-01,480,Italy,Patch Kit/8 Patches,2.29,2.29,1,0.1832,0.8565
2016-01-01,477,Canada,Water Bottle - 30 oz.,4.99,4.99,1,0.3992,1.8663
2016-01-01,490,India,"Short-Sleeve Classic Jersey, L",53.99,53.99,1,4.3192,41.5723
2016-01-01,472,India,"Classic Vest, M",63.5,63.5,1,5.08,23.749
2016-01-01,540,India,HL Road Tire,32.6,32.6,1,2.608,12.1924
2016-01-01,214,United States,"Sport-100 Helmet, Red",34.99,34.99,1,2.7992,13.0863
2016-01-01,589,Australia,"Mountain-400-W Silver, 42",769.49,769.49,1,61.5592,419.7784
2016-01-01,480,Canada,Patch Kit/8 Patches,2.29,2.29,1,0.1832,0.8565
2016-01-01,463,Italy,"Half-Finger Gloves, S",24.49,24.49,1,1.9592,9.1593
2016-01-01,231,Canada,"Long-Sleeve Logo Jersey, M",49.99,49.99,1,3.9992,38.4923
2016-01-01,478,France,Mountain Bottle Cage,9.99,9.99,1,0.7992,3.7363
2016-01-01,465,Australia,"Half-Finger Gloves, M",24.49,24.49,1,1.9592,9.1593
2016-01-01,480,Canada,Patch Kit/8 Patches,2.29,2.29,1,0.1832,0.8565
2016-01-01,535,Canada,LL Mountain Tire,24.99,24.99,1,1.9992,9.3463
2016-01-02,491,Italy,"Short-Sleeve Classic Jersey, XL",53.99,53.99,1,4.3192,41.5723
2016-01-02,217,Canada,"Sport-100 Helmet, Black",34.99,34.99,1,2.7992,13.0863
2016-01-02,480,Germany,Patch Kit/8 Patches,2.29,2.29,1,0.1832,0.8565
2016-01-02,478,Germany,Mountain Bottle Cage,9.99,9.99,1,0.7992,3.7363
2016-01-02,539,India,ML Road Tire,24.99,24.99,1,1.9992,9.3463
2016-01-02,528,France,Mountain Tire Tube,4.99,4.99,1,0.3992,1.8663
2016-01-02,605,France,"Road-750 Black, 48",539.99,539.99,1,43.1992,343.6496
2016-01-02,529,France,Road Tire Tube,3.99,3.99,1,0.3192,1.4923
2016-01-02,477,United States,Water Bottle - 30 oz.,4.99,4.99,1,0.3992,1.8663
2016-01-02,485,Canada,Fender Set - Mountain,21.98,21.98,1,1.7584,8.2205
2016-01-02,225,France,AWC Logo Cap,8.99,8.99,1,0.7192,6.9223
2016-01-02,490,Australia,"Short-Sleeve Classic Jersey, L",53.99,53.99,1,4.3192,41.5723
2016-01-02,479,United States,Road Bottle Cage,8.99,8.99,1,0.7192,3.3623
2016-01-02,530,India,Touring Tire Tube,4.99,4.99,1,0.3992,1.8663
2016-01-02,473,Italy,"Classic Vest, L",63.5,63.5,1,5.08,23.749
2016-01-02,529,India,Road Tire Tube,3.99,3.99,1,0.3192,1.4923
2016-01-02,475,Germany,"Women's Mountain Shorts, M",69.99,69.99,1,5.5992,26.1763
2016-01-02,363,France,"Mountain-200 Black, 46",2294.99,2294.99,1,183.5992,1251.9813
2016-01-02,482,Australia,"Racing Socks, L",8.99,8.99,1,0.7192,3.3623
2016-01-02,214,France,"Sport-100 Helmet, Red",34.99,34.99,1,2.7992,13.0863
2016-01-02,528,Australia,Mountain Tire Tube,4.99,4.99,1,0.3992,1.8663
2016-01-02,361,India,"Mountain-200 Black, 42",2294.99,2294.99,1,183.5992,1251.9813
2016-01-02,536,India,ML Mountain Tire,29.99,29.99,1,2.3992,11.2163
2016-01-02,478,Canada,Mountain Bottle Cage,9.99,9.99,1,0.7992,3.7363
2016-01-02,536,France,ML Mountain Tire,29.99,29.99,1,2.3992,11.2163
2016-01-02,530,United States,Touring Tire Tube,4.99,4.99,1,0.3992,1.8663
2016-01-02,485,Germany,Fender Set - Mountain,21.98,21.98,1,1.7584,8.2205
2016-01-02,585,India,"Touring-3000 Blue, 44",742.35,742.35,1,59.388,461.4448
2016-01-02,561,Australia,"Touring-1000 Yellow, 46",2384.07,2384.07,1,190.7256,1481.9379
2016-01-02,217,Germany,"Sport-100 Helmet, Black",34.99,34.99,1,2.7992,13.0863
2016-01-02,575,Italy,"Touring-1000 Blue, 54",2384.07,2384.07,1,190.7256,1481.9379
2016-01-02,488,Canada,"Short-Sleeve Classic Jersey, S",53.99,53.99,1,4.3192,41.5723
2016-01-02,478,Germany,Mountain Bottle Cage,9.99,9.99,1,0.7992,3.7363
2016-01-02,606,Germany,"Road-750 Black, 52",539.99,539.99,1,43.1992,343.6496
2016-01-02,477,United States,Water Bottle - 30 oz.,4.99,4.99,1,0.3992,1.8663
2016-01-02,485,Australia,Fender Set - Mountain,21.98,21.98,1,1.7584,8.2205
2016-01-03,310,Germany,"Road-150 Red, 62",3578.27,3578.27,1,286.2616,2171.2942
2016-01-03,313,United States,"Road-150 Red, 52",3578.27,3578.27,1,286.2616,2171.2942
2016-01-03,333,India,"Road-650 Black, 58",782.99,782.99,1,62.6392,486.7066
2016-01-03,580,France,"Road-350-W Yellow, 40",1700.99,1700.99,1,136.0792,1082.51
2016-01-03,363,Australia,"Mountain-200 Black, 46",2294.99,2294.99,1,183.5992,1251.9813
2016-01-03,490,India,"Short-Sleeve Classic Jersey, L",53.99,53.99,1,4.3192,41.5723
2016-01-03,237,United States,"Long-Sleeve Logo Jersey, XL",49.99,49.99,1,3.9992,38.4923
2016-01-03,477,Canada,Water Bottle - 30 oz.,4.99,4.99,1,0.3992,1.8663
2016-01-03,485,United States,Fender Set - Mountain,21.98,21.98,1,1.7584,8.2205
2016-01-03,537,France,HL Mountain Tire,35,35,1,2.8,13.09
2016-01-03,234,Germany,"Long-Sleeve Logo Jersey, L",49.99,49.99,1,3.9992,38.4923
2016-01-03,480,France,Patch Kit/8 Patches,2.29,2.29,1,0.1832,0.8565
2016-01-03,225,France,AWC Logo Cap,8.99,8.99,1,0.7192,6.9223
2016-01-03,536,United States,ML Mountain Tire,29.99,29.99,1,2.3992,11.2163
2016-01-03,528,Canada,Mountain Tire Tube,4.99,4.99,1,0.3992,1.8663
2016-01-03,537,Canada,HL Mountain Tire,35,35,1,2.8,13.09
2016-01-03,225,Australia,AWC Logo Cap,8.99,8.99,1,0.7192,6.9223
2016-01-03,477,United States,Water Bottle - 30 oz.,4.99,4.99,1,0.3992,1.8663
2016-01-03,528,India,Mountain Tire Tube,4.99,4.99,1,0.3992,1.8663
2016-01-03,222,France,"Sport-100 Helmet, Blue",34.99,34.99,1,2.7992,13.0863
2016-01-03,477,Italy,Water Bottle - 30 oz.,4.99,4.99,1,0.3992,1.8663
2016-01-03,535,Australia,LL Mountain Tire,24.99,24.99,1,1.9992,9.3463
2016-01-03,463,Australia,"Half-Finger Gloves, S",24.49,24.49,1,1.9592,9.1593
2016-01-03,536,Australia,ML Mountain Tire,29.99,29.99,1,2.3992,11.2163
2016-01-03,480,France,Patch Kit/8 Patches,2.29,2.29,1,0.1832,0.8565
2016-01-03,477,United States,Water Bottle - 30 oz.,4.99,4.99,1,0.3992,1.8663
2016-01-03,592,Australia,"Mountain-500 Silver, 42",564.99,564.99,1,45.1992,308.2179
2016-01-03,217,Canada,"Sport-100 Helmet, Black",34.99,34.99,1,2.7992,13.0863
2016-01-03,483,Italy,Hitch Rack - 4-Bike,120,120,1,9.6,44.88
2016-01-03,222,France,"Sport-100 Helmet, Blue",34.99,34.99,1,2.7992,13.0863
2016-01-03,485,Australia,Fender Set - Mountain,21.98,21.98,1,1.7584,8.2205
2016-01-03,530,France,Touring Tire Tube,4.99,4.99,1,0.3992,1.8663
2016-01-03,480,Germany,Patch Kit/8 Patches,2.29,2.29,1,0.1832,0.8565
2016-01-03,231,Australia,"Long-Sleeve Logo Jersey, M",49.99,49.99,1,3.9992,38.4923
2016-01-04,310,India,"Road-150 Red, 62",3578.27,3578.27,1,286.2616,2171.2942
2016-01-04,351,Canada,"Mountain-100 Black, 48",3374.99,3374.99,1,269.9992,1898.0944
2016-01-04,334,Germany,"Road-650 Black, 60",699.0982,699.0982,1,55.9279,413.1463
2016-01-04,214,France,"Sport-100 Helmet, Red",34.99,34.99,1,2.7992,13.0863
2016-01-04,560,France,"Touring-2000 Blue, 60",1214.85,1214.85,1,97.188,755.1508
2016-01-04,528,Italy,Mountain Tire Tube,4.99,4.99,1,0.3992,1.8663
2016-01-04,225,Italy,AWC Logo Cap,8.99,8.99,1,0.7192,6.9223
2016-01-04,225,United States,AWC Logo Cap,8.99,8.99,1,0.7192,6.9223
2016-01-04,491,Italy,"Short-Sleeve Classic Jersey, XL",53.99,53.99,1,4.3192,41.5723
2016-01-04,487,Canada,Hydration Pack - 70 oz.,54.99,54.99,1,4.3992,20.5663
2016-01-04,474,Italy,"Women's Mountain Shorts, S",69.99,69.99,1,5.5992,26.1763
2016-01-04,529,India,Road Tire Tube,3.99,3.99,1,0.3192,1.4923
2016-01-04,485,Canada,Fender Set - Mountain,21.98,21.98,1,1.7584,8.2205
2016-01-04,477,Canada,Water Bottle - 30 oz.,4.99,4.99,1,0.3992,1.8663
2016-01-04,485,Germany,Fender Set - Mountain,21.98,21.98,1,1.7584,8.2205
2016-01-04,479,India,Road Bottle Cage,8.99,8.99,1,0.7192,3.3623
2016-01-04,536,India,ML Mountain Tire,29.99,29.99,1,2.3992,11.2163
2016-01-04,477,Australia,Water Bottle - 30 oz.,4.99,4.99,1,0.3992,1.8663
2016-01-04,528,France,Mountain Tire Tube,4.99,4.99,1,0.3992,1.8663
2016-01-04,536,India,ML Mountain Tire,29.99,29.99,1,2.3992,11.2163
2016-01-04,363,India,"Mountain-200 Black, 46",2294.99,2294.99,1,183.5992,1251.9813
2016-01-04,485,United States,Fender Set - Mountain,21.98,21.98,1,1.7584,8.2205
2016-01-04,584,Italy,"Road-750 Black, 58",539.99,539.99,1,43.1992,343.6496
2016-01-04,225,France,AWC Logo Cap,8.99,8.99,1,0.7192,6.9223
2016-01-04,477,United States,Water Bottle - 30 oz.,4.99,4.99,1,0.3992,1.8663
2016-01-04,478,Italy,Mountain Bottle Cage,9.99,9.99,1,0.7992,3.7363
2016-01-04,485,France,Fender Set - Mountain,21.98,21.98,1,1.7584,8.2205
2016-01-04,592,France,"Mountain-500 Silver, 42",564.99,564.99,1,45.1992,308.2179
2016-01-04,541,Australia,Touring Tire,28.99,28.99,1,2.3192,10.8423
2016-01-05,313,France,"Road-150 Red, 52",3578.27,3578.27,1,286.2616,2171.2942
2016-01-05,314,Australia,"Road-150 Red, 56",3578.27,3578.27,1,286.2616,2171.2942
2016-01-05,370,France,"Road-250 Red, 52",2443.35,2443.35,1,195.468,1518.7864
2016-01-05,231,Germany,"Long-Sleeve Logo Jersey, M",49.99,49.99,1,3.9992,38.4923
2016-01-05,528,India,Mountain Tire Tube,4.99,4.99,1,0.3992,1.8663
2016-01-05,537,Australia,HL Mountain Tire,35,35,1,2.8,13.09
2016-01-05,486,India,All-Purpose Bike Stand,159,159,1,12.72,59.466
2016-01-05,225,India,AWC Logo Cap,8.99,8.99,1,0.7192,6.9223
2016-01-05,480,India,Patch Kit/8 Patches,2.29,2.29,1,0.1832,0.8565
2016-01-05,530,Canada,Touring Tire Tube,4.99,4.99,1,0.3992,1.8663
2016-01-05,530,Canada,Touring Tire Tube,4.99,4.99,1,0.3992,1.8663
2016-01-05,588,Australia,"Mountain-400-W Silver, 40",769.49,769.49,1,61.5592,419.7784
2016-01-05,529,India,Road Tire Tube,3.99,3.99,1,0.3192,1.4923
2016-01-05,363,France,"Mountain-200 Black, 46",2294.99,2294.99,1,183.5992,1251.9813
2016-01-05,225,India,AWC Logo Cap,8.99,8.99,1,0.7192,6.9223
2016-01-05,530,France,Touring Tire Tube,4.99,4.99,1,0.3992,1.8663
2016-01-05,353,India,"Mountain-200 Silver, 38",2319.99,2319.99,1,185.5992,1265.6195
2016-01-05,217,France,"Sport-100 Helmet, Black",34.99,34.99,1,2.7992,13.0863
2016-01-05,359,Australia,"Mountain-200 Black, 38",2294.99,2294.99,1,183.5992,1251.9813
2016-01-05,490,United States,"Short-Sleeve Classic Jersey, L",53.99,53.99,1,4.3192,41.5723
2016-01-05,214,United States,"Sport-100 Helmet, Red",34.99,34.99,1,2.7992,13.0863
2016-01-05,529,Italy,Road Tire Tube,3.99,3.99,1,0.3192,1.4923
2016-01-05,477,India,Water Bottle - 30 oz.,4.99,4.99,1,0.3992,1.8663
2016-01-05,528,Germany,Mountain Tire Tube,4.99,4.99,1,0.3992,1.8663
2016-01-05,487,United States,Hydration Pack - 70 oz.,54.99,54.99,1,4.3992,20.5663
2016-01-05,353,Germany,"Mountain-200 Silver, 38",2319.99,2319.99,1,185.5992,1265.6195
2016-01-05,541,India,Touring Tire,28.99,28.99,1,2.3192,10.8423
2016-01-06,312,Canada,"Road-150 Red, 48",3578.27,3578.27,1,286.2616,2171.2942
2016-01-06,328,Australia,"Road-650 Red, 48",699.0982,699.0982,1,55.9279,413.1463
2016-01-06,369,Germany,"Road-250 Red, 48",2443.35,2443.35,1,195.468,1518.7864
2016-01-06,222,Australia,"Sport-100 Helmet, Blue",34.99,34.99,1,2.7992,13.0863
2016-01-06,528,France,Mountain Tire Tube,4.99,4.99,1,0.3992,1.8663
2016-01-06,225,France,AWC Logo Cap,8.99,8.99,1,0.7192,6.9223
2016-01-06,528,Canada,Mountain Tire Tube,4.99,4.99,1,0.3992,1.8663
2016-01-06,214,Germany,"Sport-100 Helmet, Red",34.99,34.99,1,2.7992,13.0863
2016-01-06,214,Australia,"Sport-100 Helmet, Red",34.99,34.99,1,2.7992,13.0863
2016-01-06,535,Italy,LL Mountain Tire,24.99,24.99,1,1.9992,9.3463
2016-01-06,222,India,"Sport-100 Helmet, Blue",34.99,34.99,1,2.7992,13.0863
2016-01-06,535,Canada,LL Mountain Tire,24.99,24.99,1,1.9992,9.3463
2016-01-06,536,India,ML Mountain Tire,29.99,29.99,1,2.3992,11.2163
2016-01-06,214,Italy,"Sport-100 Helmet, Red",34.99,34.99,1,2.7992,13.0863
2016-01-06,225,Italy,AWC Logo Cap,8.99,8.99,1,0.7192,6.9223
2016-01-06,535,Italy,LL Mountain Tire,24.99,24.99,1,1.9992,9.3463
2016-01-06,529,India,Road Tire Tube,3.99,3.99,1,0.3192,1.4923
2016-01-06,485,Italy,Fender Set - Mountain,21.98,21.98,1,1.7584,8.2205
2016-01-06,485,India,Fender Set - Mountain,21.98,21.98,1,1.7584,8.2205
2016-01-06,541,India,Touring Tire,28.99,28.99,1,2.3192,10.8423
2016-01-06,580,Italy,"Road-350-W Yellow, 40",1700.99,1700.99,1,136.0792,1082.51
2016-01-06,214,Canada,"Sport-100 Helmet, Red",34.99,34.99,1,2.7992,13.0863
2016-01-06,529,France,Road Tire Tube,3.99,3.99,1,0.3192,1.4923
2016-01-06,481,Germany,"Racing Socks, M",8.99,8.99,1,0.7192,3.3623
2016-01-06,484,Italy,Bike Wash - Dissolver,7.95,7.95,1,0.636,2.9733
2016-01-06,491,Italy,"Short-Sleeve Classic Jersey, XL",53.99,53.99,1,4.3192,41.5723
2016-01-06,472,Australia,"Classic Vest, M",63.5,63.5,1,5.08,23.749
2016-01-06,474,United States,"Women's Mountain Shorts, S",69.99,69.99,1,5.5992,26.1763
2016-01-06,536,Australia,ML Mountain Tire,29.99,29.99,1,2.3992,11.2163
2016-01-06,477,Germany,Water Bottle - 30 oz.,4.99,4.99,1,0.3992,1.8663
2016-01-07,314,Germany,"Road-150 Red, 56",3578.27,3578.27,1,286.2616,2171.2942
2016-01-07,377,Canada,"Road-250 Black, 52",2181.5625,2181.5625,1,174.525,1320.6838
2016-01-07,368,Italy,"Road-250 Red, 44",2443.35,2443.35,1,195.468,1518.7864
2016-01-07,467,Germany,"Half-Finger Gloves, L",24.49,24.49,1,1.9592,9.1593
2016-01-07,222,France,"Sport-100 Helmet, Blue",34.99,34.99,1,2.7992,13.0863
2016-01-07,217,France,"Sport-100 Helmet, Black",34.99,34.99,1,2.7992,13.0863
2016-01-07,225,India,AWC Logo Cap,8.99,8.99,1,0.7192,6.9223
2016-01-07,480,Germany,Patch Kit/8 Patches,2.29,2.29,1,0.1832,0.8565
2016-01-07,585,France,"Touring-3000 Blue, 44",742.35,742.35,1,59.388,461.4448
2016-01-07,605,Italy,"Road-750 Black, 48",539.99,539.99,1,43.1992,343.6496
2016-01-07,217,United States,"Sport-100 Helmet, Black",34.99,34.99,1,2.7992,13.0863
2016-01-07,480,India,Patch Kit/8 Patches,2.29,2.29,1,0.1832,0.8565
2016-01-07,540,Italy,HL Road Tire,32.6,32.6,1,2.608,12.1924
2016-01-07,486,Canada,All-Purpose Bike Stand,159,159,1,12.72,59.466
2016-01-07,237,United States,"Long-Sleeve Logo Jersey, XL",49.99,49.99,1,3.9992,38.4923
2016-01-07,479,India,Road Bottle Cage,8.99,8.99,1,0.7192,3.3623
2016-01-07,214,United States,"Sport-100 Helmet, Red",34.99,34.99,1,2.7992,13.0863
2016-01-07,477,United States,Water Bottle - 30 oz.,4.99,4.99,1,0.3992,1.8663
2016-01-07,214,Canada,"Sport-100 Helmet, Red",34.99,34.99,1,2.7992,13.0863
2016-01-07,593,Germany,"Mountain-500 Silver, 44",564.99,564.99,1,45.1992,308.2179
2016-01-07,478,Italy,Mountain Bottle Cage,9.99,9.99,1,0.7992,3.7363
2016-01-07,528,France,Mountain Tire Tube,4.99,4.99,1,0.3992,1.8663
2016-01-07,480,France,Patch Kit/8 Patches,2.29,2.29,1,0.1832,0.8565
2016-01-07,363,Canada,"Mountain-200 Black, 46",2294.99,2294.99,1,183.5992,1251.9813
2016-01-07,537,Italy,HL Mountain Tire,35,35,1,2.8,13.09
2016-01-07,478,Australia,Mountain Bottle Cage,9.99,9.99,1,0.7992,3.7363
2016-01-07,355,France,"Mountain-200 Silver, 42",2319.99,2319.99,1,185.5992,1265.6195
2016-01-07,485,United States,Fender Set - Mountain,21.98,21.98,1,1.7584,8.2205
2016-01-07,382,India,"Road-550-W Yellow, 38",1120.49,1120.49,1,89.6392,713.0798
2016-01-07,581,Australia,"Road-350-W Yellow, 42",1700.99,1700.99,1,136.0792,1082.51
2016-01-08,337,Germany,"Road-650 Black, 62",782.99,782.99,1,62.6392,486.7066
2016-01-08,234,Italy,"Long-Sleeve Logo Jersey, L",49.99,49.99,1,3.9992,38.4923
2016-01-08,214,India,"Sport-100 Helmet, Red",34.99,34.99,1,2.7992,13.0863
2016-01-08,486,Australia,All-Purpose Bike Stand,159,159,1,12.72,59.466
2016-01-08,217,United States,"Sport-100 Helmet, Black",34.99,34.99,1,2.7992,13.0863
2016-01-08,484,Germany,Bike Wash - Dissolver,7.95,7.95,1,0.636,2.9733
2016-01-08,540,United States,HL Road Tire,32.6,32.6,1,2.608,12.1924
2016-01-08,477,Italy,Water Bottle - 30 oz.,4.99,4.99,1,0.3992,1.8663
2016-01-08,477,France,Water Bottle - 30 oz.,4.99,4.99,1,0.3992,1.8663
2016-01-08,574,India,"Touring-1000 Blue, 50",2384.07,2384.07,1,190.7256,1481.9379
2016-01-08,539,France,ML Road Tire,24.99,24.99,1,1.9992,9.3463
2016-01-08,361,Australia,"Mountain-200 Black, 42",2294.99,2294.99,1,183.5992,1251.9813
2016-01-08,479,United States,Road Bottle Cage,8.99,8.99,1,0.7192,3.3623
2016-01-08,604,Australia,"Road-750 Black, 44",539.99,539.99,1,43.1992,343.6496
2016-01-08,477,Germany,Water Bottle - 30 oz.,4.99,4.99,1,0.3992,1.8663
2016-01-08,477,Germany,Water Bottle - 30 oz.,4.99,4.99,1,0.3992,1.8663
2016-01-08,217,Australia,"Sport-100 Helmet, Black",34.99,34.99,1,2.7992,13.0863
2016-01-08,480,France,Patch Kit/8 Patches,2.29,2.29,1,0.1832,0.8565
2016-01-08,540,Germany,HL Road Tire,32.6,32.6,1,2.608,12.1924
2016-01-08,596,Italy,"Mountain-500 Black, 40",539.99,539.99,1,43.1992,294.5797
2016-01-08,580,France,"Road-350-W Yellow, 40",1700.99,1700.99,1,136.0792,1082.51
2016-01-08,225,France,AWC Logo Cap,8.99,8.99,1,0.7192,6.9223
2016-01-08,539,France,ML Road Tire,24.99,24.99,1,1.9992,9.3463
2016-01-08,528,Canada,Mountain Tire Tube,4.99,4.99,1,0.3992,1.8663
2016-01-08,217,India,"Sport-100 Helmet, Black",34.99,34.99,1,2.7992,13.0863
2016-01-08,567,United States,"Touring-3000 Blue, 62",742.35,742.35,1,59.388,461.4448
2016-01-08,479,India,Road Bottle Cage,8.99,8.99,1,0.7192,3.3623
2016-01-08,491,United States,"Short-Sleeve Classic Jersey, XL",53.99,53.99,1,4.3192,41.5723
2016-01-08,477,France,Water Bottle - 30 oz.,4.99,4.99,1,0.3992,1.8663
2016-01-08,476,Germany,"Women's Mountain Shorts, L",69.99,69.99,1,5.5992,26.1763
2016-01-08,487,France,Hydration Pack - 70 oz.,54.99,54.99,1,4.3992,20.5663
2016-01-08,567,Germany,"Touring-3000 Blue, 62",742.35,742.35,1,59.388,461.4448
2016-01-08,353,Germany,"Mountain-200 Silver, 38",2319.99,2319.99,1,185.5992,1265.6195
2016-01-08,528,France,Mountain Tire Tube,4.99,4.99,1,0.3992,1.8663
2016-01-09,313,Canada,"Road-150 Red, 52",3578.27,3578.27,1,286.2616,2171.2942
2016-01-09,311,United States,"Road-150 Red, 44",3578.27,3578.27,1,286.2616,2171.2942
2016-01-09,371,Germany,"Road-250 Red, 58",2181.5625,2181.5625,1,174.525,1320.6838
2016-01-09,234,United States,"Long-Sleeve Logo Jersey, L",49.99,49.99,1,3.9992,38.4923
2016-01-09,480,France,Patch Kit/8 Patches,2.29,2.29,1,0.1832,0.8565
2016-01-09,540,India,HL Road Tire,32.6,32.6,1,2.608,12.1924
2016-01-09,528,Germany,Mountain Tire Tube,4.99,4.99,1,0.3992,1.8663
2016-01-09,353,Canada,"Mountain-200 Silver, 38",2319.99,2319.99,1,185.5992,1265.6195
2016-01-09,528,Italy,Mountain Tire Tube,4.99,4.99,1,0.3992,1.8663
2016-01-09,225,Italy,AWC Logo Cap,8.99,8.99,1,0.7192,6.9223
2016-01-09,475,India,"Women's Mountain Shorts, M",69.99,69.99,1,5.5992,26.1763
2016-01-09,529,India,Road Tire Tube,3.99,3.99,1,0.3192,1.4923
2016-01-09,537,Italy,HL Mountain Tire,35,35,1,2.8,13.09
2016-01-09,478,Canada,Mountain Bottle Cage,9.99,9.99,1,0.7992,3.7363
2016-01-09,214,France,"Sport-100 Helmet, Red",34.99,34.99,1,2.7992,13.0863
2016-01-09,484,Canada,Bike Wash - Dissolver,7.95,7.95,1,0.636,2.9733
2016-01-09,480,Australia,Patch Kit/8 Patches,2.29,2.29,1,0.1832,0.8565
2016-01-09,487,India,Hydration Pack - 70 oz.,54.99,54.99,1,4.3992,20.5663
2016-01-09,477,Italy,Water Bottle - 30 oz.,4.99,4.99,1,0.3992,1.8663
2016-01-09,529,India,Road Tire Tube,3.99,3.99,1,0.3192,1.4923
2016-01-09,574,France,"Touring-1000 Blue, 50",2384.07,2384.07,1,190.7256,1481.9379
2016-01-09,214,France,"Sport-100 Helmet, Red",34.99,34.99,1,2.7992,13.0863
2016-01-09,463,United States,"Half-Finger Gloves, S",24.49,24.49,1,1.9592,9.1593
2016-01-09,480,Australia,Patch Kit/8 Patches,2.29,2.29,1,0.1832,0.8565
2016-01-09,477,Germany,Water Bottle - 30 oz.,4.99,4.99,1,0.3992,1.8663
2016-01-09,487,India,Hydration Pack - 70 oz.,54.99,54.99,1,4.3992,20.5663
2016-01-09,481,Germany,"Racing Socks, M",8.99,8.99,1,0.7192,3.3623
2016-01-09,561,Canada,"Touring-1000 Yellow, 46",2384.07,2384.07,1,190.7256,1481.9379
2016-01-09,480,Germany,Patch Kit/8 Patches,2.29,2.29,1,0.1832,0.8565
2016-01-09,491,United States,"Short-Sleeve Classic Jersey, XL",53.99,53.99,1,4.3192,41.5723
2016-01-09,490,Australia,"Short-Sleeve Classic Jersey, L",53.99,53.99,1,4.3192,41.5723
2016-01-09,595,Canada,"Mountain-500 Silver, 52",564.99,564.99,1,45.1992,308.2179
2016-01-09,463,Australia,"Half-Finger Gloves, S",24.49,24.49,1,1.9592,9.1593
2016-01-09,217,United States,"Sport-100 Helmet, Black",34.99,34.99,1,2.7992,13.0863
2016-01-09,539,Australia,ML Road Tire,24.99,24.99,1,1.9992,9.3463
2016-01-10,312,France,"Road-150 Red, 48",3578.27,3578.27,1,286.2616,2171.2942
2016-01-10,375,Italy,"Road-250 Black, 48",2181.5625,2181.5625,1,174.525,1320.6838
2016-01-10,369,Italy,"Road-250 Red, 48",2443.35,2443.35,1,195.468,1518.7864
2016-01-10,360,Australia,"Mountain-200 Black, 42",2049.0982,2049.0982,1,163.9279,1105.81
2016-01-10,358,Canada,"Mountain-200 Black, 38",2049.0982,2049.0982,1,163.9279,1105.81
2016-01-10,382,Canada,"Road-550-W Yellow, 38",1120.49,1120.49,1,89.6392,713.0798
2016-01-10,382,Australia,"Road-550-W Yellow, 38",1120.49,1120.49,1,89.6392,713.0798
2016-01-10,583,Australia,"Road-350-W Yellow, 48",1700.99,1700.99,1,136.0792,1082.51
2016-01-10,225,Italy,AWC Logo Cap,8.99,8.99,1,0.7192,6.9223
2016-01-10,355,United States,"Mountain-200 Silver, 42",2319.99,2319.99,1,185.5992,1265.6195
2016-01-10,529,Australia,Road Tire Tube,3.99,3.99,1,0.3192,1.4923
2016-01-10,374,Italy,"Road-250 Black, 44",2443.35,2443.35,1,195.468,1554.9479
2016-01-10,529,Canada,Road Tire Tube,3.99,3.99,1,0.3192,1.4923
2016-01-10,528,France,Mountain Tire Tube,4.99,4.99,1,0.3992,1.8663
2016-01-10,582,Germany,"Road-350-W Yellow, 44",1700.99,1700.99,1,136.0792,1082.51
2016-01-10,214,Germany,"Sport-100 Helmet, Red",34.99,34.99,1,2.7992,13.0863
2016-01-10,225,Canada,AWC Logo Cap,8.99,8.99,1,0.7192,6.9223
2016-01-10,222,United States,"Sport-100 Helmet, Blue",34.99,34.99,1,2.7992,13.0863
2016-01-10,479,Canada,Road Bottle Cage,8.99,8.99,1,0.7192,3.3623
2016-01-10,480,France,Patch Kit/8 Patches,2.29,2.29,1,0.1832,0.8565
2016-01-10,465,United States,"Half-Finger Gloves, M",24.49,24.49,1,1.9592,9.1593
2016-01-10,485,Canada,Fender Set - Mountain,21.98,21.98,1,1.7584,8.2205
2016-01-10,388,Italy,"Road-550-W Yellow, 44",1120.49,1120.49,1,89.6392,713.0798
2016-01-10,480,Australia,Patch Kit/8 Patches,2.29,2.29,1,0.1832,0.8565
2016-01-10,485,Australia,Fender Set - Mountain,21.98,21.98,1,1.7584,8.2205
2016-01-10,217,Australia,"Sport-100 Helmet, Black",34.99,34.99,1,2.7992,13.0863
2016-01-10,214,Canada,"Sport-100 Helmet, Red",34.99,34.99,1,2.7992,13.0863
2016-01-10,477,India,Water Bottle - 30 oz.,4.99,4.99,1,0.3992,1.8663
2016-01-10,580,Germany,"Road-350-W Yellow, 40",1700.99,1700.99,1,136.0792,1082.51
2016-01-10,583,France,"Road-350-W Yellow, 48",1700.99,1700.99,1,136.0792,1082.51
2016-01-10,537,Italy,HL Mountain Tire,35,35,1,2.8,13.09
2016-01-10,530,India,Touring Tire Tube,4.99,4.99,1,0.3992,1.8663
2016-01-10,530,France,Touring Tire Tube,4.99,4.99,1,0.3992,1.8663
2016-01-10,529,Germany,Road Tire Tube,3.99,3.99,1,0.3192,1.4923
2016-01-10,363,Germany,"Mountain-200 Black, 46",2294.99,2294.99,1,183.5992,1251.9813
2016-01-10,480,Germany,Patch Kit/8 Patches,2.29,2.29,1,0.1832,0.8565
2016-01-11,348,Australia,"Mountain-100 Black, 38",3374.99,3374.99,1,269.9992,1898.0944
2016-01-11,341,Germany,"Road-650 Black, 48",782.99,782.99,1,62.6392,486.7066
2016-01-11,368,France,"Road-250 Red, 44",2443.35,2443.35,1,195.468,1518.7864
2016-01-11,538,France,LL Road Tire,21.49,21.49,1,1.7192,8.0373
2016-01-11,604,France,"Road-750 Black, 44",539.99,539.99,1,43.1992,343.6496
2016-01-11,465,United States,"Half-Finger Gloves, M",24.49,24.49,1,1.9592,9.1593
2016-01-11,538,Australia,LL Road Tire,21.49,21.49,1,1.7192,8.0373
2016-01-11,477,India,Water Bottle - 30 oz.,4.99,4.99,1,0.3992,1.8663
2016-01-11,484,Canada,Bike Wash - Dissolver,7.95,7.95,1,0.636,2.9733
2016-01-11,529,India,Road Tire Tube,3.99,3.99,1,0.3192,1.4923
2016-01-11,477,United States,Water Bottle - 30 oz.,4.99,4.99,1,0.3992,1.8663
2016-01-11,540,Australia,HL Road Tire,32.6,32.6,1,2.608,12.1924
2016-01-11,361,Germany,"Mountain-200 Black, 42",2294.99,2294.99,1,183.5992,1251.9813
2016-01-11,359,India,"Mountain-200 Black, 38",2294.99,2294.99,1,183.5992,1251.9813
2016-01-11,537,India,HL Mountain Tire,35,35,1,2.8,13.09
2016-01-11,529,United States,Road Tire Tube,3.99,3.99,1,0.3192,1.4923
2016-01-11,467,Australia,"Half-Finger Gloves, L",24.49,24.49,1,1.9592,9.1593
2016-01-11,472,Germany,"Classic Vest, M",63.5,63.5,1,5.08,23.749
2016-01-11,530,United States,Touring Tire Tube,4.99,4.99,1,0.3992,1.8663
2016-01-11,476,United States,"Women's Mountain Shorts, L",69.99,69.99,1,5.5992,26.1763
2016-01-11,529,Germany,Road Tire Tube,3.99,3.99,1,0.3192,1.4923
2016-01-11,225,Italy,AWC Logo Cap,8.99,8.99,1,0.7192,6.9223
2016-01-11,584,India,"Road-750 Black, 58",539.99,539.99,1,43.1992,343.6496
2016-01-11,537,Italy,HL Mountain Tire,35,35,1,2.8,13.09
2016-01-11,575,United States,"Touring-1000 Blue, 54",2384.07,2384.07,1,190.7256,1481.9379
2016-01-11,477,India,Water Bottle - 30 oz.,4.99,4.99,1,0.3992,1.8663
2016-01-11,491,Canada,"Short-Sleeve Classic Jersey, XL",53.99,53.99,1,4.3192,41.5723
2016-01-11,580,India,"Road-350-W Yellow, 40",1700.99,1700.99,1,136.0792,1082.51
2016-01-11,528,Italy,Mountain Tire Tube,4.99,4.99,1,0.3992,1.8663
2016-01-11,579,Italy,"Touring-2000 Blue, 54",1214.85,1214.85,1,97.188,755.1508
2016-01-11,590,United States,"Mountain-400-W Silver, 46",769.49,769.49,1,61.5592,419.7784
2016-01-11,528,India,Mountain Tire Tube,4.99,4.99,1,0.3992,1.8663
2016-01-11,217,United States,"Sport-100 Helmet, Black",34.99,34.99,1,2.7992,13.0863
2016-01-11,217,Canada,"Sport-100 Helmet, Black",34.99,34.99,1,2.7992,13.0863
2016-01-11,537,Australia,HL Mountain Tire,35,35,1,2.8,13.09
2016-01-11,473,India,"Classic Vest, L",63.5,63.5,1,5.08,23.749
2016-01-11,355,Italy,"Mountain-200 Silver, 42",2319.99,2319.99,1,185.5992,1265.6195
2016-01-11,480,Italy,Patch Kit/8 Patches,2.29,2.29,1,0.1832,0.8565
2016-01-12,339,Australia,"Road-650 Black, 44",782.99,782.99,1,62.6392,486.7066
2016-01-12,368,France,"Road-250 Red, 44",2443.35,2443.35,1,195.468,1518.7864
2016-01-12,373,Canada,"Road-250 Black, 44",2181.5625,2181.5625,1,174.525,1320.6838
2016-01-12,528,Germany,Mountain Tire Tube,4.99,4.99,1,0.3992,1.8663
2016-01-12,484,Italy,Bike Wash - Dissolver,7.95,7.95,1,0.636,2.9733
2016-01-12,487,Italy,Hydration Pack - 70 oz.,54.99,54.99,1,4.3992,20.5663
2016-01-12,528,Italy,Mountain Tire Tube,4.99,4.99,1,0.3992,1.8663
2016-01-12,225,Italy,AWC Logo Cap,8.99,8.99,1,0.7192,6.9223
2016-01-12,485,Germany,Fender Set - Mountain,21.98,21.98,1,1.7584,8.2205
2016-01-12,222,Australia,"Sport-100 Helmet, Blue",34.99,34.99,1,2.7992,13.0863
2016-01-12,225,Australia,AWC Logo Cap,8.99,8.99,1,0.7192,6.9223
2016-01-12,478,Italy,Mountain Bottle Cage,9.99,9.99,1,0.7992,3.7363
2016-01-12,480,Canada,Patch Kit/8 Patches,2.29,2.29,1,0.1832,0.8565
2016-01-12,528,Canada,Mountain Tire Tube,4.99,4.99,1,0.3992,1.8663
2016-01-12,536,Australia,ML Mountain Tire,29.99,29.99,1,2.3992,11.2163
2016-01-12,538,Italy,LL Road Tire,21.49,21.49,1,1.7192,8.0373
2016-01-12,541,Italy,Touring Tire,28.99,28.99,1,2.3192,10.8423
2016-01-12,225,France,AWC Logo Cap,8.99,8.99,1,0.7192,6.9223
2016-01-12,353,Canada,"Mountain-200 Silver, 38",2319.99,2319.99,1,185.5992,1265.6195
2016-01-12,353,France,"Mountain-200 Silver, 38",2319.99,2319.99,1,185.5992,1265.6195
2016-01-12,480,Germany,Patch Kit/8 Patches,2.29,2.29,1,0.1832,0.8565
2016-01-12,528,Germany,Mountain Tire Tube,4.99,4.99,1,0.3992,1.8663
2016-01-12,529,Canada,Road Tire Tube,3.99,3.99,1,0.3192,1.4923
2016-01-12,485,Germany,Fender Set - Mountain,21.98,21.98,1,1.7584,8.2205
2016-01-12,536,France,ML Mountain Tire,29.99,29.99,1,2.3992,11.2163
2016-01-12,217,Australia,"Sport-100 Helmet, Black",34.99,34.99,1,2.7992,13.0863
2016-01-12,478,Germany,Mountain Bottle Cage,9.99,9.99,1,0.7992,3.7363
2016-01-12,477,Italy,Water Bottle - 30 oz.,4.99,4.99,1,0.3992,1.8663
2016-01-12,529,Italy,Road Tire Tube,3.99,3.99,1,0.3192,1.4923
2016-01-12,237,Canada,"Long-Sleeve Logo Jersey, XL",49.99,49.99,1,3.9992,38.4923
2016-01-12,529,India,Road Tire Tube,3.99,3.99,1,0.3192,1.4923
2016-01-12,214,France,"Sport-100 Helmet, Red",34.99,34.99,1,2.7992,13.0863
2016-01-13,312,United States,"Road-150 Red, 48",3578.27,3578.27,1,286.2616,2171.2942
2016-01-13,310,Italy,"Road-150 Red, 62",3578.27,3578.27,1,286.2616,2171.2942
2016-01-13,352,Germany,"Mountain-200 Silver, 38",2071.4196,2071.4196,1,165.7136,1117.8559
2016-01-13,369,Australia,"Road-250 Red, 48",2443.35,2443.35,1,195.468,1518.7864
2016-01-13,566,Australia,"Touring-3000 Blue, 58",742.35,742.35,1,59.388,461.4448
2016-01-13,491,France,"Short-Sleeve Classic Jersey, XL",53.99,53.99,1,4.3192,41.5723
2016-01-13,231,Italy,"Long-Sleeve Logo Jersey, M",49.99,49.99,1,3.9992,38.4923
2016-01-13,484,India,Bike Wash - Dissolver,7.95,7.95,1,0.636,2.9733
2016-01-13,541,France,Touring Tire,28.99,28.99,1,2.3192,10.8423
2016-01-13,480,Germany,Patch Kit/8 Patches,2.29,2.29,1,0.1832,0.8565
2016-01-13,477,France,Water Bottle - 30 oz.,4.99,4.99,1,0.3992,1.8663
2016-01-13,599,Canada,"Mountain-500 Black, 48",539.99,539.99,1,43.1992,294.5797
2016-01-13,586,Germany,"Touring-3000 Blue, 50",742.35,742.35,1,59.388,461.4448
2016-01-13,580,Germany,"Road-350-W Yellow, 40",1700.99,1700.99,1,136.0792,1082.51
2016-01-13,217,Germany,"Sport-100 Helmet, Black",34.99,34.99,1,2.7992,13.0863
2016-01-13,217,Canada,"Sport-100 Helmet, Black",34.99,34.99,1,2.7992,13.0863
2016-01-13,480,United States,Patch Kit/8 Patches,2.29,2.29,1,0.1832,0.8565
2016-01-13,463,Australia,"Half-Finger Gloves, S",24.49,24.49,1,1.9592,9.1593
2016-01-13,605,Germany,"Road-750 Black, 48",539.99,539.99,1,43.1992,343.6496
2016-01-13,475,United States,"Women's Mountain Shorts, M",69.99,69.99,1,5.5992,26.1763
2016-01-13,606,France,"Road-750 Black, 52",539.99,539.99,1,43.1992,343.6496
2016-01-13,231,United States,"Long-Sleeve Logo Jersey, M",49.99,49.99,1,3.9992,38.4923
2016-01-13,386,India,"Road-550-W Yellow, 42",1120.49,1120.49,1,89.6392,713.0798
2016-01-13,529,India,Road Tire Tube,3.99,3.99,1,0.3192,1.4923
2016-01-14,313,Italy,"Road-150 Red, 52",3578.27,3578.27,1,286.2616,2171.2942
2016-01-14,327,Germany,"Road-650 Red, 44",782.99,782.99,1,62.6392,486.7066
2016-01-14,478,Australia,Mountain Bottle Cage,9.99,9.99,1,0.7992,3.7363
2016-01-14,217,Italy,"Sport-100 Helmet, Black",34.99,34.99,1,2.7992,13.0863
2016-01-14,489,United States,"Short-Sleeve Classic Jersey, M",53.99,53.99,1,4.3192,41.5723
2016-01-14,217,Germany,"Sport-100 Helmet, Black",34.99,34.99,1,2.7992,13.0863
2016-01-14,529,United States,Road Tire Tube,3.99,3.99,1,0.3192,1.4923
2016-01-14,222,United States,"Sport-100 Helmet, Blue",34.99,34.99,1,2.7992,13.0863
2016-01-14,536,Germany,ML Mountain Tire,29.99,29.99,1,2.3992,11.2163
2016-01-14,479,Germany,Road Bottle Cage,8.99,8.99,1,0.7192,3.3623
2016-01-14,563,India,"Touring-1000 Yellow, 54",2384.07,2384.07,1,190.7256,1481.9379
2016-01-14,476,France,"Women's Mountain Shorts, L",69.99,69.99,1,5.5992,26.1763
2016-01-14,477,Italy,Water Bottle - 30 oz.,4.99,4.99,1,0.3992,1.8663
2016-01-14,477,Germany,Water Bottle - 30 oz.,4.99,4.99,1,0.3992,1.8663
2016-01-14,605,France,"Road-750 Black, 48",539.99,539.99,1,43.1992,343.6496
2016-01-14,488,France,"Short-Sleeve Classic Jersey, S",53.99,53.99,1,4.3192,41.5723
2016-01-14,363,Canada,"Mountain-200 Black, 46",2294.99,2294.99,1,183.5992,1251.9813
2016-01-14,480,India,Patch Kit/8 Patches,2.29,2.29,1,0.1832,0.8565
2016-01-14,222,Canada,"Sport-100 Helmet, Blue",34.99,34.99,1,2.7992,13.0863
2016-01-15,368,United States,"Road-250 Red, 44",2443.35,2443.35,1,195.468,1518.7864
2016-01-15,225,Canada,AWC Logo Cap,8.99,8.99,1,0.7192,6.9223
2016-01-15,528,United States,Mountain Tire Tube,4.99,4.99,1,0.3992,1.8663
2016-01-15,477,France,Water Bottle - 30 oz.,4.99,4.99,1,0.3992,1.8663
2016-01-15,477,United States,Water Bottle - 30 oz.,4.99,4.99,1,0.3992,1.8663
2016-01-15,214,United States,"Sport-100 Helmet, Red",34.99,34.99,1,2.7992,13.0863
2016-01-15,538,Australia,LL Road Tire,21.49,21.49,1,1.7192,8.0373
2016-01-15,538,Australia,LL Road Tire,21.49,21.49,1,1.7192,8.0373
2016-01-15,589,Italy,"Mountain-400-W Silver, 42",769.49,769.49,1,61.5592,419.7784
2016-01-15,480,France,Patch Kit/8 Patches,2.29,2.29,1,0.1832,0.8565
2016-01-15,214,France,"Sport-100 Helmet, Red",34.99,34.99,1,2.7992,13.0863
2016-01-15,528,France,Mountain Tire Tube,4.99,4.99,1,0.3992,1.8663
2016-01-15,225,Canada,AWC Logo Cap,8.99,8.99,1,0.7192,6.9223
2016-01-15,477,Italy,Water Bottle - 30 oz.,4.99,4.99,1,0.3992,1.8663
2016-01-15,539,France,ML Road Tire,24.99,24.99,1,1.9992,9.3463
2016-01-15,485,Italy,Fender Set - Mountain,21.98,21.98,1,1.7584,8.2205
2016-01-15,222,Germany,"Sport-100 Helmet, Blue",34.99,34.99,1,2.7992,13.0863
2016-01-15,477,France,Water Bottle - 30 oz.,4.99,4.99,1,0.3992,1.8663
2016-01-15,386,France,"Road-550-W Yellow, 42",1120.49,1120.49,1,89.6392,713.0798
2016-01-15,463,Italy,"Half-Finger Gloves, S",24.49,24.49,1,1.9592,9.1593
2016-01-15,465,Australia,"Half-Finger Gloves, M",24.49,24.49,1,1.9592,9.1593
2016-01-15,530,India,Touring Tire Tube,4.99,4.99,1,0.3992,1.8663
2016-01-15,476,Australia,"Women's Mountain Shorts, L",69.99,69.99,1,5.5992,26.1763
2016-01-15,359,Italy,"Mountain-200 Black, 38",2294.99,2294.99,1,183.5992,1251.9813
2016-01-15,214,India,"Sport-100 Helmet, Red",34.99,34.99,1,2.7992,13.0863
2016-01-15,484,Germany,Bike Wash - Dissolver,7.95,7.95,1,0.636,2.9733
2016-01-15,478,Canada,Mountain Bottle Cage,9.99,9.99,1,0.7992,3.7363
2016-01-15,529,Australia,Road Tire Tube,3.99,3.99,1,0.3192,1.4923
2016-01-15,480,Germany,Patch Kit/8 Patches,2.29,2.29,1,0.1832,0.8565
2016-01-16,311,United States,"Road-150 Red, 44",3578.27,3578.27,1,286.2616,2171.2942
2016-01-16,333,Australia,"Road-650 Black, 58",782.99,782.99,1,62.6392,486.7066
2016-01-16,592,Australia,"Mountain-500 Silver, 42",564.99,564.99,1,45.1992,308.2179
2016-01-16,491,Germany,"Short-Sleeve Classic Jersey, XL",53.99,53.99,1,4.3192,41.5723
2016-01-16,479,India,Road Bottle Cage,8.99,8.99,1,0.7192,3.3623
2016-01-16,237,Italy,"Long-Sleeve Logo Jersey, XL",49.99,49.99,1,3.9992,38.4923
2016-01-16,485,United States,Fender Set - Mountain,21.98,21.98,1,1.7584,8.2205
2016-01-16,477,Canada,Water Bottle - 30 oz.,4.99,4.99,1,0.3992,1.8663
2016-01-16,530,Australia,Touring Tire Tube,4.99,4.99,1,0.3992,1.8663
2016-01-16,463,Canada,"Half-Finger Gloves, S",24.49,24.49,1,1.9592,9.1593
2016-01-16,478,Germany,Mountain Bottle Cage,9.99,9.99,1,0.7992,3.7363
2016-01-16,378,Germany,"Road-250 Black, 52",2443.35,2443.35,1,195.468,1554.9479
2016-01-16,477,France,Water Bottle - 30 oz.,4.99,4.99,1,0.3992,1.8663
2016-01-16,222,India,"Sport-100 Helmet, Blue",34.99,34.99,1,2.7992,13.0863
2016-01-16,536,India,ML Mountain Tire,29.99,29.99,1,2.3992,11.2163
2016-01-16,353,France,"Mountain-200 Silver, 38",2319.99,2319.99,1,185.5992,1265.6195
2016-01-16,568,France,"Touring-3000 Yellow, 44",742.35,742.35,1,59.388,461.4448
2016-01-16,561,France,"Touring-1000 Yellow, 46",2384.07,2384.07,1,190.7256,1481.9379
2016-01-16,536,Australia,ML Mountain Tire,29.99,29.99,1,2.3992,11.2163
2016-01-16,604,Australia,"Road-750 Black, 44",539.99,539.99,1,43.1992,343.6496
2016-01-16,491,Australia,"Short-Sleeve Classic Jersey, XL",53.99,53.99,1,4.3192,41.5723
2016-01-17,222,Canada,"Sport-100 Helmet, Blue",34.99,34.99,1,2.7992,13.0863
2016-01-17,581,France,"Road-350-W Yellow, 42",1700.99,1700.99,1,136.0792,1082.51
2016-01-17,490,France,"Short-Sleeve Classic Jersey, L",53.99,53.99,1,4.3192,41.5723
2016-01-17,537,Italy,HL Mountain Tire,35,35,1,2.8,13.09
2016-01-17,467,United States,"Half-Finger Gloves, L",24.49,24.49,1,1.9592,9.1593
2016-01-17,529,United States,Road Tire Tube,3.99,3.99,1,0.3192,1.4923
2016-01-17,480,India,Patch Kit/8 Patches,2.29,2.29,1,0.1832,0.8565
2016-01-17,485,Italy,Fender Set - Mountain,21.98,21.98,1,1.7584,8.2205
2016-01-17,479,United States,Road Bottle Cage,8.99,8.99,1,0.7192,3.3623
2016-01-17,222,United States,"Sport-100 Helmet, Blue",34.99,34.99,1,2.7992,13.0863
2016-01-17,537,Italy,HL Mountain Tire,35,35,1,2.8,13.09
2016-01-17,231,India,"Long-Sleeve Logo Jersey, M",49.99,49.99,1,3.9992,38.4923
2016-01-17,225,France,AWC Logo Cap,8.99,8.99,1,0.7192,6.9223
2016-01-17,479,Italy,Road Bottle Cage,8.99,8.99,1,0.7192,3.3623
2016-01-17,477,Italy,Water Bottle - 30 oz.,4.99,4.99,1,0.3992,1.8663
2016-01-17,222,Germany,"Sport-100 Helmet, Blue",34.99,34.99,1,2.7992,13.0863
2016-01-17,586,India,"Touring-3000 Blue, 50",742.35,742.35,1,59.388,461.4448
2016-01-17,363,Canada,"Mountain-200 Black, 46",2294.99,2294.99,1,183.5992,1251.9813
2016-01-17,536,India,ML Mountain Tire,29.99,29.99,1,2.3992,11.2163
2016-01-17,530,Italy,Touring Tire Tube,4.99,4.99,1,0.3992,1.8663
2016-01-17,538,Canada,LL Road Tire,21.49,21.49,1,1.7192,8.0373
2016-01-17,530,United States,Touring Tire Tube,4.99,4.99,1,0.3992,1.8663
2016-01-17,485,Canada,Fender Set - Mountain,21.98,21.98,1,1.7584,8.2205
2016-01-17,480,Germany,Patch Kit/8 Patches,2.29,2.29,1,0.1832,0.8565
2016-01-17,228,India,"Long-Sleeve Logo Jersey, S",49.99,49.99,1,3.9992,38.4923
2016-01-17,528,United States,Mountain Tire Tube,4.99,4.99,1,0.3992,1.8663
2016-01-17,217,India,"Sport-100 Helmet, Black",34.99,34.99,1,2.7992,13.0863
2016-01-17,478,Germany,Mountain Bottle Cage,9.99,9.99,1,0.7992,3.7363
2016-01-17,480,India,Patch Kit/8 Patches,2.29,2.29,1,0.1832,0.8565
2016-01-17,217,United States,"Sport-100 Helmet, Black",34.99,34.99,1,2.7992,13.0863
2016-01-17,480,United States,Patch Kit/8 Patches,2.29,2.29,1,0.1832,0.8565
2016-01-17,530,Italy,Touring Tire Tube,4.99,4.99,1,0.3992,1.8663
2016-01-17,530,France,Touring Tire Tube,4.99,4.99,1,0.3992,1.8663
2016-01-17,477,Italy,Water Bottle - 30 oz.,4.99,4.99,1,0.3992,1.8663
2016-01-17,535,India,LL Mountain Tire,24.99,24.99,1,1.9992,9.3463
2016-01-17,477,France,Water Bottle - 30 oz.,4.99,4.99,1,0.3992,1.8663
2016-01-17,530,United States,Touring Tire Tube,4.99,4.99,1,0.3992,1.8663
2016-01-18,356,Canada,"Mountain-200 Silver, 46",2071.4196,2071.4196,1,165.7136,1117.8559
2016-01-18,354,France,"Mountain-200 Silver, 42",2071.4196,2071.4196,1,165.7136,1117.8559
2016-01-18,379,United States,"Road-250 Black, 58",2181.5625,2181.5625,1,174.525,1320.6838
2016-01-18,371,Australia,"Road-250 Red, 58",2181.5625,2181.5625,1,174.525,1320.6838
2016-01-18,478,Italy,Mountain Bottle Cage,9.99,9.99,1,0.7992,3.7363
2016-01-18,541,Canada,Touring Tire,28.99,28.99,1,2.3192,10.8423
2016-01-18,536,Canada,ML Mountain Tire,29.99,29.99,1,2.3992,11.2163
2016-01-18,583,Australia,"Road-350-W Yellow, 48",1700.99,1700.99,1,136.0792,1082.51
2016-01-18,529,Germany,Road Tire Tube,3.99,3.99,1,0.3192,1.4923
2016-01-18,479,Canada,Road Bottle Cage,8.99,8.99,1,0.7192,3.3623
2016-01-18,487,Australia,Hydration Pack - 70 oz.,54.99,54.99,1,4.3992,20.5663
2016-01-18,222,United States,"Sport-100 Helmet, Blue",34.99,34.99,1,2.7992,13.0863
2016-01-18,596,Germany,"Mountain-500 Black, 40",539.99,539.99,1,43.1992,294.5797
2016-01-18,486,Germany,All-Purpose Bike Stand,159,159,1,12.72,59.466
2016-01-18,225,India,AWC Logo Cap,8.99,8.99,1,0.7192,6.9223
2016-01-18,540,Italy,HL Road Tire,32.6,32.6,1,2.608,12.1924
2016-01-18,539,Australia,ML Road Tire,24.99,24.99,1,1.9992,9.3463
2016-01-18,539,Australia,ML Road Tire,24.99,24.99,1,1.9992,9.3463
2016-01-18,222,France,"Sport-100 Helmet, Blue",34.99,34.99,1,2.7992,13.0863
2016-01-18,584,India,"Road-750 Black, 58",539.99,539.99,1,43.1992,343.6496
2016-01-18,529,France,Road Tire Tube,3.99,3.99,1,0.3192,1.4923
2016-01-18,477,France,Water Bottle - 30 oz.,4.99,4.99,1,0.3992,1.8663
2016-01-18,485,Canada,Fender Set - Mountain,21.98,21.98,1,1.7584,8.2205
2016-01-18,539,France,ML Road Tire,24.99,24.99,1,1.9992,9.3463
2016-01-18,225,Canada,AWC Logo Cap,8.99,8.99,1,0.7192,6.9223
2016-01-18,528,India,Mountain Tire Tube,4.99,4.99,1,0.3992,1.8663
2016-01-18,463,United States,"Half-Finger Gloves, S",24.49,24.49,1,1.9592,9.1593
2016-01-18,538,France,LL Road Tire,21.49,21.49,1,1.7192,8.0373
2016-01-18,231,Italy,"Long-Sleeve Logo Jersey, M",49.99,49.99,1,3.9992,38.4923
2016-01-19,345,India,"Mountain-100 Silver, 42",3399.99,3399.99,1,271.9992,1912.1544
2016-01-19,354,Australia,"Mountain-200 Silver, 42",2071.4196,2071.4196,1,165.7136,1117.8559
2016-01-19,530,India,Touring Tire Tube,4.99,4.99,1,0.3992,1.8663
2016-01-19,477,United States,Water Bottle - 30 oz.,4.99,4.99,1,0.3992,1.8663
2016-01-19,536,Canada,ML Mountain Tire,29.99,29.99,1,2.3992,11.2163
2016-01-19,471,United States,"Classic Vest, S",63.5,63.5,1,5.08,23.749
2016-01-19,541,Canada,Touring Tire,28.99,28.99,1,2.3192,10.8423
2016-01-19,214,India,"Sport-100 Helmet, Red",34.99,34.99,1,2.7992,13.0863
2016-01-19,580,India,"Road-350-W Yellow, 40",1700.99,1700.99,1,136.0792,1082.51
2016-01-19,528,Italy,Mountain Tire Tube,4.99,4.99,1,0.3992,1.8663
2016-01-19,473,United States,"Classic Vest, L",63.5,63.5,1,5.08,23.749
2016-01-19,237,Germany,"Long-Sleeve Logo Jersey, XL",49.99,49.99,1,3.9992,38.4923
2016-01-19,485,Germany,Fender Set - Mountain,21.98,21.98,1,1.7584,8.2205
2016-01-19,485,United States,Fender Set - Mountain,21.98,21.98,1,1.7584,8.2205
2016-01-19,467,France,"Half-Finger Gloves, L",24.49,24.49,1,1.9592,9.1593
2016-01-19,217,France,"Sport-100 Helmet, Black",34.99,34.99,1,2.7992,13.0863
2016-01-19,539,Australia,ML Road Tire,24.99,24.99,1,1.9992,9.3463
2016-01-19,477,Italy,Water Bottle - 30 oz.,4.99,4.99,1,0.3992,1.8663
2016-01-19,530,United States,Touring Tire Tube,4.99,4.99,1,0.3992,1.8663
2016-01-19,214,India,"Sport-100 Helmet, Red",34.99,34.99,1,2.7992,13.0863
2016-01-19,580,India,"Road-350-W Yellow, 40",1700.99,1700.99,1,136.0792,1082.51
2016-01-19,361,India,"Mountain-200 Black, 42",2294.99,2294.99,1,183.5992,1251.9813
2016-01-19,480,Germany,Patch Kit/8 Patches,2.29,2.29,1,0.1832,0.8565
2016-01-19,353,Australia,"Mountain-200 Silver, 38",2319.99,2319.99,1,185.5992,1265.6195
2016-01-19,529,Italy,Road Tire Tube,3.99,3.99,1,0.3192,1.4923
2016-01-19,477,France,Water Bottle - 30 oz.,4.99,4.99,1,0.3992,1.8663
2016-01-19,528,Germany,Mountain Tire Tube,4.99,4.99,1,0.3992,1.8663
2016-01-19,225,Australia,AWC Logo Cap,8.99,8.99,1,0.7192,6.9223
2016-01-19,596,Italy,"Mountain-500 Black, 40",539.99,539.99,1,43.1992,294.5797
2016-01-19,479,Australia,Road Bottle Cage,8.99,8.99,1,0.7192,3.3623
2016-01-19,372,Germany,"Road-250 Red, 58",2443.35,2443.35,1,195.468,1554.9479
2016-01-20,321,Italy,"Road-650 Red, 58",782.99,782.99,1,62.6392,486.7066
2016-01-20,354,India,"Mountain-200 Silver, 42",2071.4196,2071.4196,1,165.7136,1117.8559
2016-01-20,222,Italy,"Sport-100 Helmet, Blue",34.99,34.99,1,2.7992,13.0863
2016-01-20,584,Australia,"Road-750 Black, 58",539.99,539.99,1,43.1992,343.6496
2016-01-20,537,India,HL Mountain Tire,35,35,1,2.8,13.09
2016-01-20,528,Italy,Mountain Tire Tube,4.99,4.99,1,0.3992,1.8663
2016-01-20,478,India,Mountain Bottle Cage,9.99,9.99,1,0.7992,3.7363
2016-01-20,477,Germany,Water Bottle - 30 oz.,4.99,4.99,1,0.3992,1.8663
2016-01-20,478,Germany,Mountain Bottle Cage,9.99,9.99,1,0.7992,3.7363
2016-01-20,560,United States,"Touring-2000 Blue, 60",1214.85,1214.85,1,97.188,755.1508
2016-01-20,217,India,"Sport-100 Helmet, Black",34.99,34.99,1,2.7992,13.0863
2016-01-20,225,Australia,AWC Logo Cap,8.99,8.99,1,0.7192,6.9223
2016-01-20,479,Canada,Road Bottle Cage,8.99,8.99,1,0.7192,3.3623
2016-01-20,477,Canada,Water Bottle - 30 oz.,4.99,4.99,1,0.3992,1.8663
2016-01-20,606,France,"Road-750 Black, 52",539.99,539.99,1,43.1992,343.6496
2016-01-20,214,Germany,"Sport-100 Helmet, Red",34.99,34.99,1,2.7992,13.0863
2016-01-20,485,France,Fender Set - Mountain,21.98,21.98,1,1.7584,8.2205
2016-01-20,225,Australia,AWC Logo Cap,8.99,8.99,1,0.7192,6.9223
2016-01-20,580,Germany,"Road-350-W Yellow, 40",1700.99,1700.99,1,136.0792,1082.51
2016-01-20,485,Germany,Fender Set - Mountain,21.98,21.98,1,1.7584,8.2205
2016-01-20,528,France,Mountain Tire Tube,4.99,4.99,1,0.3992,1.8663
2016-01-20,529,India,Road Tire Tube,3.99,3.99,1,0.3192,1.4923
2016-01-20,363,United States,"Mountain-200 Black, 46",2294.99,2294.99,1,183.5992,1251.9813
2016-01-20,372,France,"Road-250 Red, 58",2443.35,2443.35,1,195.468,1554.9479
2016-01-20,588,Australia,"Mountain-400-W Silver, 40",769.49,769.49,1,61.5592,419.7784
2016-01-20,222,France,"Sport-100 Helmet, Blue",34.99,34.99,1,2.7992,13.0863
2016-01-21,310,France,"Road-150 Red, 62",3578.27,3578.27,1,286.2616,2171.2942
2016-01-21,312,Australia,"Road-150 Red, 48",3578.27,3578.27,1,286.2616,2171.2942
2016-01-21,356,Italy,"Mountain-200 Silver, 46",2071.4196,2071.4196,1,165.7136,1117.8559
2016-01-21,529,India,Road Tire Tube,3.99,3.99,1,0.3192,1.4923
2016-01-21,582,Australia,"Road-350-W Yellow, 44",1700.99,1700.99,1,136.0792,1082.51
2016-01-21,477,Canada,Water Bottle - 30 oz.,4.99,4.99,1,0.3992,1.8663
2016-01-21,529,Italy,Road Tire Tube,3.99,3.99,1,0.3192,1.4923
2016-01-21,536,India,ML Mountain Tire,29.99,29.99,1,2.3992,11.2163
2016-01-21,477,Italy,Water Bottle - 30 oz.,4.99,4.99,1,0.3992,1.8663
2016-01-21,536,France,ML Mountain Tire,29.99,29.99,1,2.3992,11.2163
2016-01-21,568,Germany,"Touring-3000 Yellow, 44",742.35,742.35,1,59.388,461.4448
2016-01-21,217,France,"Sport-100 Helmet, Black",34.99,34.99,1,2.7992,13.0863
2016-01-21,384,Australia,"Road-550-W Yellow, 40",1120.49,1120.49,1,89.6392,713.0798
2016-01-21,485,United States,Fender Set - Mountain,21.98,21.98,1,1.7584,8.2205
2016-01-21,528,Germany,Mountain Tire Tube,4.99,4.99,1,0.3992,1.8663
2016-01-21,480,Canada,Patch Kit/8 Patches,2.29,2.29,1,0.1832,0.8565
2016-01-21,487,India,Hydration Pack - 70 oz.,54.99,54.99,1,4.3992,20.5663
2016-01-21,529,Germany,Road Tire Tube,3.99,3.99,1,0.3192,1.4923
2016-01-21,478,Australia,Mountain Bottle Cage,9.99,9.99,1,0.7992,3.7363
2016-01-21,485,Australia,Fender Set - Mountain,21.98,21.98,1,1.7584,8.2205
2016-01-21,237,France,"Long-Sleeve Logo Jersey, XL",49.99,49.99,1,3.9992,38.4923
2016-01-21,595,Italy,"Mountain-500 Silver, 52",564.99,564.99,1,45.1992,308.2179
2016-01-21,357,Canada,"Mountain-200 Silver, 46",2319.99,2319.99,1,185.5992,1265.6195
2016-01-21,485,Canada,Fender Set - Mountain,21.98,21.98,1,1.7584,8.2205
2016-01-21,480,France,Patch Kit/8 Patches,2.29,2.29,1,0.1832,0.8565
2016-01-21,467,Germany,"Half-Finger Gloves, L",24.49,24.49,1,1.9592,9.1593
2016-01-21,357,India,"Mountain-200 Silver, 46",2319.99,2319.99,1,185.5992,1265.6195
2016-01-21,465,India,"Half-Finger Gloves, M",24.49,24.49,1,1.9592,9.1593
2016-01-21,536,Italy,ML Mountain Tire,29.99,29.99,1,2.3992,11.2163
2016-01-21,528,Australia,Mountain Tire Tube,4.99,4.99,1,0.3992,1.8663
2016-01-21,480,Italy,Patch Kit/8 Patches,2.29,2.29,1,0.1832,0.8565
2016-01-21,485,Canada,Fender Set - Mountain,21.98,21.98,1,1.7584,8.2205
2016-01-21,477,France,Water Bottle - 30 oz.,4.99,4.99,1,0.3992,1.8663
2016-01-21,541,Canada,Touring Tire,28.99,28.99,1,2.3192,10.8423
2016-01-21,361,France,"Mountain-200 Black, 42",2294.99,2294.99,1,183.5992,1251.9813
2016-01-21,539,Australia,ML Road Tire,24.99,24.99,1,1.9992,9.3463
2016-01-21,217,Canada,"Sport-100 Helmet, Black",34.99,34.99,1,2.7992,13.0863
2016-01-21,480,Canada,Patch Kit/8 Patches,2.29,2.29,1,0.1832,0.8565
2016-01-21,363,Australia,"Mountain-200 Black, 46",2294.99,2294.99,1,183.5992,1251.9813
2016-01-21,222,India,"Sport-100 Helmet, Blue",34.99,34.99,1,2.7992,13.0863
2016-01-21,214,Italy,"Sport-100 Helmet, Red",34.99,34.99,1,2.7992,13.0863
2016-01-21,490,Italy,"Short-Sleeve Classic Jersey, L",53.99,53.99,1,4.3192,41.5723
2016-01-22,347,Italy,"Mountain-100 Silver, 48",3399.99,3399.99,1,271.9992,1912.1544
2016-01-22,328,Australia,"Road-650 Red, 48",699.0982,699.0982,1,55.9279,413.1463
2016-01-22,369,India,"Road-250 Red, 48",2443.35,2443.35,1,195.468,1518.7864
2016-01-22,363,United States,"Mountain-200 Black, 46",2294.99,2294.99,1,183.5992,1251.9813
2016-01-22,540,Canada,HL Road Tire,32.6,32.6,1,2.608,12.1924
2016-01-22,465,France,"Half-Finger Gloves, M",24.49,24.49,1,1.9592,9.1593
2016-01-22,487,Italy,Hydration Pack - 70 oz.,54.99,54.99,1,4.3992,20.5663
2016-01-22,536,France,ML Mountain Tire,29.99,29.99,1,2.3992,11.2163
2016-01-22,237,India,"Long-Sleeve Logo Jersey, XL",49.99,49.99,1,3.9992,38.4923
2016-01-22,482,France,"Racing Socks, L",8.99,8.99,1,0.7192,3.3623
2016-01-22,528,India,Mountain Tire Tube,4.99,4.99,1,0.3992,1.8663
2016-01-22,541,Italy,Touring Tire,28.99,28.99,1,2.3192,10.8423
2016-01-22,541,Australia,Touring Tire,28.99,28.99,1,2.3192,10.8423
2016-01-22,479,France,Road Bottle Cage,8.99,8.99,1,0.7192,3.3623
2016-01-22,477,Canada,Water Bottle - 30 oz.,4.99,4.99,1,0.3992,1.8663
2016-01-22,488,Germany,"Short-Sleeve Classic Jersey, S",53.99,53.99,1,4.3192,41.5723
2016-01-22,485,United States,Fender Set - Mountain,21.98,21.98,1,1.7584,8.2205
2016-01-22,530,Australia,Touring Tire Tube,4.99,4.99,1,0.3992,1.8663
2016-01-22,540,Germany,HL Road Tire,32.6,32.6,1,2.608,12.1924
2016-01-22,581,Canada,"Road-350-W Yellow, 42",1700.99,1700.99,1,136.0792,1082.51
2016-01-22,477,Germany,Water Bottle - 30 oz.,4.99,4.99,1,0.3992,1.8663
2016-01-22,480,Australia,Patch Kit/8 Patches,2.29,2.29,1,0.1832,0.8565
2016-01-22,575,Australia,"Touring-1000 Blue, 54",2384.07,2384.07,1,190.7256,1481.9379
2016-01-22,480,United States,Patch Kit/8 Patches,2.29,2.29,1,0.1832,0.8565
2016-01-22,467,Italy,"Half-Finger Gloves, L",24.49,24.49,1,1.9592,9.1593
2016-01-22,529,Australia,Road Tire Tube,3.99,3.99,1,0.3192,1.4923
2016-01-22,225,India,AWC Logo Cap,8.99,8.99,1,0.7192,6.9223
2016-01-22,539,Canada,ML Road Tire,24.99,24.99,1,1.9992,9.3463
2016-01-22,478,India,Mountain Bottle Cage,9.99,9.99,1,0.7992,3.7363
2016-01-22,384,France,"Road-550-W Yellow, 40",1120.49,1120.49,1,89.6392,713.0798
2016-01-23,313,Germany,"Road-150 Red, 52",3578.27,3578.27,1,286.2616,2171.2942
2016-01-23,313,Canada,"Road-150 Red, 52",3578.27,3578.27,1,286.2616,2171.2942
2016-01-23,352,Italy,"Mountain-200 Silver, 38",2071.4196,2071.4196,1,165.7136,1117.8559
2016-01-23,540,Italy,HL Road Tire,32.6,32.6,1,2.608,12.1924
2016-01-23,540,Germany,HL Road Tire,32.6,32.6,1,2.608,12.1924
2016-01-23,476,Germany,"Women's Mountain Shorts, L",69.99,69.99,1,5.5992,26.1763
2016-01-23,474,France,"Women's Mountain Shorts, S",69.99,69.99,1,5.5992,26.1763
2016-01-23,538,Australia,LL Road Tire,21.49,21.49,1,1.7192,8.0373
2016-01-23,477,Canada,Water Bottle - 30 oz.,4.99,4.99,1,0.3992,1.8663
2016-01-23,478,Australia,Mountain Bottle Cage,9.99,9.99,1,0.7992,3.7363
2016-01-23,222,United States,"Sport-100 Helmet, Blue",34.99,34.99,1,2.7992,13.0863
2016-01-23,480,Italy,Patch Kit/8 Patches,2.29,2.29,1,0.1832,0.8565
2016-01-23,480,India,Patch Kit/8 Patches,2.29,2.29,1,0.1832,0.8565
2016-01-23,480,Australia,Patch Kit/8 Patches,2.29,2.29,1,0.1832,0.8565
2016-01-23,463,Canada,"Half-Finger Gloves, S",24.49,24.49,1,1.9592,9.1593
2016-01-23,225,India,AWC Logo Cap,8.99,8.99,1,0.7192,6.9223
2016-01-23,477,Canada,Water Bottle - 30 oz.,4.99,4.99,1,0.3992,1.8663
2016-01-23,538,Australia,LL Road Tire,21.49,21.49,1,1.7192,8.0373
2016-01-23,485,France,Fender Set - Mountain,21.98,21.98,1,1.7584,8.2205
2016-01-23,581,United States,"Road-350-W Yellow, 42",1700.99,1700.99,1,136.0792,1082.51
2016-01-23,584,India,"Road-750 Black, 58",539.99,539.99,1,43.1992,343.6496
2016-01-23,536,Canada,ML Mountain Tire,29.99,29.99,1,2.3992,11.2163
2016-01-23,478,Italy,Mountain Bottle Cage,9.99,9.99,1,0.7992,3.7363
2016-01-23,359,Canada,"Mountain-200 Black, 38",2294.99,2294.99,1,183.5992,1251.9813
2016-01-23,530,Canada,Touring Tire Tube,4.99,4.99,1,0.3992,1.8663
2016-01-23,541,United States,Touring Tire,28.99,28.99,1,2.3192,10.8423
2016-01-23,388,France,"Road-550-W Yellow, 44",1120.49,1120.49,1,89.6392,713.0798
2016-01-23,581,United States,"Road-350-W Yellow, 42",1700.99,1700.99,1,136.0792,1082.51
2016-01-23,480,Italy,Patch Kit/8 Patches,2.29,2.29,1,0.1832,0.8565
2016-01-24,479,United States,Road Bottle Cage,8.99,8.99,1,0.7192,3.3623
2016-01-24,475,India,"Women's Mountain Shorts, M",69.99,69.99,1,5.5992,26.1763
2016-01-24,529,United States,Road Tire Tube,3.99,3.99,1,0.3192,1.4923
2016-01-24,485,France,Fender Set - Mountain,21.98,21.98,1,1.7584,8.2205
2016-01-24,541,Canada,Touring Tire,28.99,28.99,1,2.3192,10.8423
2016-01-24,214,France,"Sport-100 Helmet, Red",34.99,34.99,1,2.7992,13.0863
2016-01-24,538,India,LL Road Tire,21.49,21.49,1,1.7192,8.0373
2016-01-24,355,India,"Mountain-200 Silver, 42",2319.99,2319.99,1,185.5992,1265.6195
2016-01-24,480,United States,Patch Kit/8 Patches,2.29,2.29,1,0.1832,0.8565
2016-01-24,530,India,Touring Tire Tube,4.99,4.99,1,0.3992,1.8663
2016-01-24,535,Italy,LL Mountain Tire,24.99,24.99,1,1.9992,9.3463
2016-01-24,465,France,"Half-Finger Gloves, M",24.49,24.49,1,1.9592,9.1593
2016-01-24,484,France,Bike Wash - Dissolver,7.95,7.95,1,0.636,2.9733
2016-01-24,485,Italy,Fender Set - Mountain,21.98,21.98,1,1.7584,8.2205
2016-01-24,480,India,Patch Kit/8 Patches,2.29,2.29,1,0.1832,0.8565
2016-01-24,562,Italy,"Touring-1000 Yellow, 50",2384.07,2384.07,1,190.7256,1481.9379
2016-01-24,605,India,"Road-750 Black, 48",539.99,539.99,1,43.1992,343.6496
2016-01-24,485,Germany,Fender Set - Mountain,21.98,21.98,1,1.7584,8.2205
2016-01-24,217,India,"Sport-100 Helmet, Black",34.99,34.99,1,2.7992,13.0863
2016-01-24,530,Italy,Touring Tire Tube,4.99,4.99,1,0.3992,1.8663
2016-01-24,491,France,"Short-Sleeve Classic Jersey, XL",53.99,53.99,1,4.3192,41.5723
2016-01-24,231,Germany,"Long-Sleeve Logo Jersey, M",49.99,49.99,1,3.9992,38.4923
2016-01-24,541,France,Touring Tire,28.99,28.99,1,2.3192,10.8423
2016-01-24,214,Australia,"Sport-100 Helmet, Red",34.99,34.99,1,2.7992,13.0863
2016-01-24,485,India,Fender Set - Mountain,21.98,21.98,1,1.7584,8.2205
2016-01-24,237,Australia,"Long-Sleeve Logo Jersey, XL",49.99,49.99,1,3.9992,38.4923
2016-01-24,529,Italy,Road Tire Tube,3.99,3.99,1,0.3192,1.4923
2016-01-24,477,United States,Water Bottle - 30 oz.,4.99,4.99,1,0.3992,1.8663
2016-01-24,478,Canada,Mountain Bottle Cage,9.99,9.99,1,0.7992,3.7363
2016-01-25,310,Canada,"Road-150 Red, 62",3578.27,3578.27,1,286.2616,2171.2942
2016-01-25,312,India,"Road-150 Red, 48",3578.27,3578.27,1,286.2616,2171.2942
2016-01-25,477,Canada,Water Bottle - 30 oz.,4.99,4.99,1,0.3992,1.8663
2016-01-25,529,Australia,Road Tire Tube,3.99,3.99,1,0.3192,1.4923
2016-01-25,485,Canada,Fender Set - Mountain,21.98,21.98,1,1.7584,8.2205
2016-01-25,541,Canada,Touring Tire,28.99,28.99,1,2.3192,10.8423
2016-01-25,214,Italy,"Sport-100 Helmet, Red",34.99,34.99,1,2.7992,13.0863
2016-01-25,214,Canada,"Sport-100 Helmet, Red",34.99,34.99,1,2.7992,13.0863
2016-01-25,539,Canada,ML Road Tire,24.99,24.99,1,1.9992,9.3463
2016-01-25,477,France,Water Bottle - 30 oz.,4.99,4.99,1,0.3992,1.8663
2016-01-25,222,Italy,"Sport-100 Helmet, Blue",34.99,34.99,1,2.7992,13.0863
2016-01-25,539,Italy,ML Road Tire,24.99,24.99,1,1.9992,9.3463
2016-01-25,541,India,Touring Tire,28.99,28.99,1,2.3192,10.8423
2016-01-25,599,Canada,"Mountain-500 Black, 48",539.99,539.99,1,43.1992,294.5797
2016-01-25,225,India,AWC Logo Cap,8.99,8.99,1,0.7192,6.9223
2016-01-25,376,Canada,"Road-250 Black, 48",2443.35,2443.35,1,195.468,1554.9479
2016-01-25,477,India,Water Bottle - 30 oz.,4.99,4.99,1,0.3992,1.8663
2016-01-25,477,Canada,Water Bottle - 30 oz.,4.99,4.99,1,0.3992,1.8663
2016-01-25,477,United States,Water Bottle - 30 oz.,4.99,4.99,1,0.3992,1.8663
2016-01-25,535,India,LL Mountain Tire,24.99,24.99,1,1.9992,9.3463
2016-01-25,606,Italy,"Road-750 Black, 52",539.99,539.99,1,43.1992,343.6496
2016-01-25,217,Germany,"Sport-100 Helmet, Black",34.99,34.99,1,2.7992,13.0863
2016-01-25,529,Australia,Road Tire Tube,3.99,3.99,1,0.3192,1.4923
2016-01-25,217,Canada,"Sport-100 Helmet, Black",34.99,34.99,1,2.7992,13.0863
2016-01-25,477,Italy,Water Bottle - 30 oz.,4.99,4.99,1,0.3992,1.8663
2016-01-25,566,India,"Touring-3000 Blue, 58",742.35,742.35,1,59.388,461.4448
2016-01-25,384,United States,"Road-550-W Yellow, 40",1120.49,1120.49,1,89.6392,713.0798
2016-01-25,485,Canada,Fender Set - Mountain,21.98,21.98,1,1.7584,8.2205
2016-01-25,536,India,ML Mountain Tire,29.99,29.99,1,2.3992,11.2163
2016-01-25,569,France,"Touring-3000 Yellow, 50",742.35,742.35,1,59.388,461.4448
2016-01-25,477,Canada,Water Bottle - 30 oz.,4.99,4.99,1,0.3992,1.8663
2016-01-25,528,Germany,Mountain Tire Tube,4.99,4.99,1,0.3992,1.8663
2016-01-25,538,Australia,LL Road Tire,21.49,21.49,1,1.7192,8.0373
2016-01-25,478,Germany,Mountain Bottle Cage,9.99,9.99,1,0.7992,3.7363
2016-01-25,485,United States,Fender Set - Mountain,21.98,21.98,1,1.7584,8.2205
2016-01-25,528,Australia,Mountain Tire Tube,4.99,4.99,1,0.3992,1.8663
2016-01-25,463,Australia,"Half-Finger Gloves, S",24.49,24.49,1,1.9592,9.1593
2016-01-25,214,Canada,"Sport-100 Helmet, Red",34.99,34.99,1,2.7992,13.0863
2016-01-26,314,France,"Road-150 Red, 56",3578.27,3578.27,1,286.2616,2171.2942
2016-01-26,324,India,"Road-650 Red, 62",699.0982,699.0982,1,55.9279,413.1463
2016-01-26,379,United States,"Road-250 Black, 58",2181.5625,2181.5625,1,174.525,1320.6838
2016-01-26,352,France,"Mountain-200 Silver, 38",2071.4196,2071.4196,1,165.7136,1117.8559
2016-01-26,389,Canada,"Road-550-W Yellow, 48",1000.4375,1000.4375,1,80.035,605.6492
2016-01-26,368,Canada,"Road-250 Red, 44",2443.35,2443.35,1,195.468,1518.7864
2016-01-26,377,France,"Road-250 Black, 52",2181.5625,2181.5625,1,174.525,1320.6838
2016-01-26,488,India,"Short-Sleeve Classic Jersey, S",53.99,53.99,1,4.3192,41.5723
2016-01-26,214,Germany,"Sport-100 Helmet, Red",34.99,34.99,1,2.7992,13.0863
2016-01-26,541,India,Touring Tire,28.99,28.99,1,2.3192,10.8423
2016-01-26,480,United States,Patch Kit/8 Patches,2.29,2.29,1,0.1832,0.8565
2016-01-26,483,Canada,Hitch Rack - 4-Bike,120,120,1,9.6,44.88
2016-01-26,214,Germany,"Sport-100 Helmet, Red",34.99,34.99,1,2.7992,13.0863
2016-01-26,222,Italy,"Sport-100 Helmet, Blue",34.99,34.99,1,2.7992,13.0863
2016-01-26,528,United States,Mountain Tire Tube,4.99,4.99,1,0.3992,1.8663
2016-01-26,359,India,"Mountain-200 Black, 38",2294.99,2294.99,1,183.5992,1251.9813
2016-01-26,605,Australia,"Road-750 Black, 48",539.99,539.99,1,43.1992,343.6496
2016-01-26,489,Australia,"Short-Sleeve Classic Jersey, M",53.99,53.99,1,4.3192,41.5723
2016-01-26,217,France,"Sport-100 Helmet, Black",34.99,34.99,1,2.7992,13.0863
2016-01-26,583,Canada,"Road-350-W Yellow, 48",1700.99,1700.99,1,136.0792,1082.51
2016-01-26,472,United States,"Classic Vest, M",63.5,63.5,1,5.08,23.749
2016-01-26,477,Canada,Water Bottle - 30 oz.,4.99,4.99,1,0.3992,1.8663
2016-01-26,214,India,"Sport-100 Helmet, Red",34.99,34.99,1,2.7992,13.0863
2016-01-26,480,France,Patch Kit/8 Patches,2.29,2.29,1,0.1832,0.8565
2016-01-26,479,Canada,Road Bottle Cage,8.99,8.99,1,0.7192,3.3623
2016-01-26,485,Australia,Fender Set - Mountain,21.98,21.98,1,1.7584,8.2205
2016-01-26,476,France,"Women's Mountain Shorts, L",69.99,69.99,1,5.5992,26.1763
2016-01-26,488,India,"Short-Sleeve Classic Jersey, S",53.99,53.99,1,4.3192,41.5723
2016-01-26,595,Canada,"Mountain-500 Silver, 52",564.99,564.99,1,45.1992,308.2179
2016-01-26,483,Australia,Hitch Rack - 4-Bike,120,120,1,9.6,44.88
2016-01-26,217,France,"Sport-100 Helmet, Black",34.99,34.99,1,2.7992,13.0863
2016-01-26,234,Australia,"Long-Sleeve Logo Jersey, L",49.99,49.99,1,3.9992,38.4923
2016-01-26,540,Canada,HL Road Tire,32.6,32.6,1,2.608,12.1924
2016-01-26,225,France,AWC Logo Cap,8.99,8.99,1,0.7192,6.9223
2016-01-27,356,India,"Mountain-200 Silver, 46",2071.4196,2071.4196,1,165.7136,1117.8559
2016-01-27,535,Germany,LL Mountain Tire,24.99,24.99,1,1.9992,9.3463
2016-01-27,222,Italy,"Sport-100 Helmet, Blue",34.99,34.99,1,2.7992,13.0863
2016-01-27,477,Germany,Water Bottle - 30 oz.,4.99,4.99,1,0.3992,1.8663
2016-01-27,485,Italy,Fender Set - Mountain,21.98,21.98,1,1.7584,8.2205
2016-01-27,478,United States,Mountain Bottle Cage,9.99,9.99,1,0.7992,3.7363
2016-01-27,225,Germany,AWC Logo Cap,8.99,8.99,1,0.7192,6.9223
2016-01-27,529,Germany,Road Tire Tube,3.99,3.99,1,0.3192,1.4923
2016-01-27,569,Germany,"Touring-3000 Yellow, 50",742.35,742.35,1,59.388,461.4448
2016-01-27,485,Italy,Fender Set - Mountain,21.98,21.98,1,1.7584,8.2205
2016-01-27,357,Australia,"Mountain-200 Silver, 46",2319.99,2319.99,1,185.5992,1265.6195
2016-01-27,528,Germany,Mountain Tire Tube,4.99,4.99,1,0.3992,1.8663
2016-01-27,529,Germany,Road Tire Tube,3.99,3.99,1,0.3192,1.4923
2016-01-27,530,Italy,Touring Tire Tube,4.99,4.99,1,0.3992,1.8663
2016-01-27,529,United States,Road Tire Tube,3.99,3.99,1,0.3192,1.4923
2016-01-27,361,France,"Mountain-200 Black, 42",2294.99,2294.99,1,183.5992,1251.9813
2016-01-27,481,Italy,"Racing Socks, M",8.99,8.99,1,0.7192,3.3623
2016-01-27,477,Germany,Water Bottle - 30 oz.,4.99,4.99,1,0.3992,1.8663
2016-01-27,477,India,Water Bottle - 30 oz.,4.99,4.99,1,0.3992,1.8663
2016-01-27,528,Germany,Mountain Tire Tube,4.99,4.99,1,0.3992,1.8663
2016-01-27,529,United States,Road Tire Tube,3.99,3.99,1,0.3192,1.4923
2016-01-27,484,India,Bike Wash - Dissolver,7.95,7.95,1,0.636,2.9733
2016-01-27,467,Canada,"Half-Finger Gloves, L",24.49,24.49,1,1.9592,9.1593
2016-01-27,537,Germany,HL Mountain Tire,35,35,1,2.8,13.09
2016-01-27,539,United States,ML Road Tire,24.99,24.99,1,1.9992,9.3463
2016-01-27,480,India,Patch Kit/8 Patches,2.29,2.29,1,0.1832,0.8565
2016-01-27,479,India,Road Bottle Cage,8.99,8.99,1,0.7192,3.3623
2016-01-27,529,India,Road Tire Tube,3.99,3.99,1,0.3192,1.4923
2016-01-27,484,Italy,Bike Wash - Dissolver,7.95,7.95,1,0.636,2.9733
2016-01-27,490,India,"Short-Sleeve Classic Jersey, L",53.99,53.99,1,4.3192,41.5723
2016-01-27,488,Australia,"Short-Sleeve Classic Jersey, S",53.99,53.99,1,4.3192,41.5723
2016-01-27,477,Germany,Water Bottle - 30 oz.,4.99,4.99,1,0.3992,1.8663
2016-01-27,528,India,Mountain Tire Tube,4.99,4.99,1,0.3992,1.8663
2016-01-28,375,France,"Road-250 Black, 48",2181.5625,2181.5625,1,174.525,1320.6838
2016-01-28,354,Italy,"Mountain-200 Silver, 42",2071.4196,2071.4196,1,165.7136,1117.8559
2016-01-28,357,Germany,"Mountain-200 Silver, 46",2319.99,2319.99,1,185.5992,1265.6195
2016-01-28,539,India,ML Road Tire,24.99,24.99,1,1.9992,9.3463
2016-01-28,538,Germany,LL Road Tire,21.49,21.49,1,1.7192,8.0373
2016-01-28,475,Germany,"Women's Mountain Shorts, M",69.99,69.99,1,5.5992,26.1763
2016-01-28,528,Australia,Mountain Tire Tube,4.99,4.99,1,0.3992,1.8663
2016-01-28,480,Canada,Patch Kit/8 Patches,2.29,2.29,1,0.1832,0.8565
2016-01-28,222,India,"Sport-100 Helmet, Blue",34.99,34.99,1,2.7992,13.0863
2016-01-28,380,France,"Road-250 Black, 58",2443.35,2443.35,1,195.468,1554.9479
2016-01-28,388,United States,"Road-550-W Yellow, 44",1120.49,1120.49,1,89.6392,713.0798
2016-01-28,231,France,"Long-Sleeve Logo Jersey, M",49.99,49.99,1,3.9992,38.4923
2016-01-28,478,India,Mountain Bottle Cage,9.99,9.99,1,0.7992,3.7363
2016-01-28,576,United States,"Touring-1000 Blue, 60",2384.07,2384.07,1,190.7256,1481.9379
2016-01-28,536,Germany,ML Mountain Tire,29.99,29.99,1,2.3992,11.2163
2016-01-28,487,Canada,Hydration Pack - 70 oz.,54.99,54.99,1,4.3992,20.5663
2016-01-28,485,Australia,Fender Set - Mountain,21.98,21.98,1,1.7584,8.2205
2016-01-28,480,France,Patch Kit/8 Patches,2.29,2.29,1,0.1832,0.8565
2016-01-28,535,Germany,LL Mountain Tire,24.99,24.99,1,1.9992,9.3463
2016-01-28,386,Australia,"Road-550-W Yellow, 42",1120.49,1120.49,1,89.6392,713.0798
2016-01-28,380,Germany,"Road-250 Black, 58",2443.35,2443.35,1,195.468,1554.9479
2016-01-28,225,France,AWC Logo Cap,8.99,8.99,1,0.7192,6.9223
2016-01-28,225,India,AWC Logo Cap,8.99,8.99,1,0.7192,6.9223
2016-01-28,474,Italy,"Women's Mountain Shorts, S",69.99,69.99,1,5.5992,26.1763
2016-01-28,478,United States,Mountain Bottle Cage,9.99,9.99,1,0.7992,3.7363
2016-01-29,214,Italy,"Sport-100 Helmet, Red",34.99,34.99,1,2.7992,13.0863
2016-01-29,477,India,Water Bottle - 30 oz.,4.99,4.99,1,0.3992,1.8663
2016-01-29,477,United States,Water Bottle - 30 oz.,4.99,4.99,1,0.3992,1.8663
2016-01-29,214,Canada,"Sport-100 Helmet, Red",34.99,34.99,1,2.7992,13.0863
2016-01-29,477,Canada,Water Bottle - 30 oz.,4.99,4.99,1,0.3992,1.8663
2016-01-29,537,Italy,HL Mountain Tire,35,35,1,2.8,13.09
2016-01-29,477,France,Water Bottle - 30 oz.,4.99,4.99,1,0.3992,1.8663
2016-01-29,605,Canada,"Road-750 Black, 48",539.99,539.99,1,43.1992,343.6496
2016-01-29,528,Germany,Mountain Tire Tube,4.99,4.99,1,0.3992,1.8663
2016-01-29,480,Germany,Patch Kit/8 Patches,2.29,2.29,1,0.1832,0.8565
2016-01-29,528,Canada,Mountain Tire Tube,4.99,4.99,1,0.3992,1.8663
2016-01-29,214,France,"Sport-100 Helmet, Red",34.99,34.99,1,2.7992,13.0863
2016-01-29,222,Germany,"Sport-100 Helmet, Blue",34.99,34.99,1,2.7992,13.0863
2016-01-29,477,Canada,Water Bottle - 30 oz.,4.99,4.99,1,0.3992,1.8663
2016-01-29,530,Italy,Touring Tire Tube,4.99,4.99,1,0.3992,1.8663
2016-01-29,479,Canada,Road Bottle Cage,8.99,8.99,1,0.7192,3.3623
2016-01-29,480,Canada,Patch Kit/8 Patches,2.29,2.29,1,0.1832,0.8565
2016-01-29,571,Canada,"Touring-3000 Yellow, 58",742.35,742.35,1,59.388,461.4448
2016-01-29,222,United States,"Sport-100 Helmet, Blue",34.99,34.99,1,2.7992,13.0863
2016-01-29,487,United States,Hydration Pack - 70 oz.,54.99,54.99,1,4.3992,20.5663
2016-01-29,477,Canada,Water Bottle - 30 oz.,4.99,4.99,1,0.3992,1.8663
2016-01-29,478,United States,Mountain Bottle Cage,9.99,9.99,1,0.7992,3.7363
2016-01-29,488,Italy,"Short-Sleeve Classic Jersey, S",53.99,53.99,1,4.3192,41.5723
2016-01-29,484,United States,Bike Wash - Dissolver,7.95,7.95,1,0.636,2.9733
2016-01-29,606,India,"Road-750 Black, 52",539.99,539.99,1,43.1992,343.6496
2016-01-29,536,Canada,ML Mountain Tire,29.99,29.99,1,2.3992,11.2163
2016-01-29,355,Australia,"Mountain-200 Silver, 42",2319.99,2319.99,1,185.5992,1265.6195
2016-01-29,481,Canada,"Racing Socks, M",8.99,8.99,1,0.7192,3.3623
2016-01-29,529,Canada,Road Tire Tube,3.99,3.99,1,0.3192,1.4923
2016-01-29,484,Germany,Bike Wash - Dissolver,7.95,7.95,1,0.636,2.9733
2016-01-29,485,United States,Fender Set - Mountain,21.98,21.98,1,1.7584,8.2205
2016-01-29,485,Canada,Fender Set - Mountain,21.98,21.98,1,1.7584,8.2205
2016-01-29,537,France,HL Mountain Tire,35,35,1,2.8,13.09
2016-01-29,484,Canada,Bike Wash - Dissolver,7.95,7.95,1,0.636,2.9733
2016-01-29,471,United States,"Classic Vest, S",63.5,63.5,1,5.08,23.749
2016-01-30,350,Italy,"Mountain-100 Black, 44",3374.99,3374.99,1,269.9992,1898.0944
2016-01-30,356,Australia,"Mountain-200 Silver, 46",2071.4196,2071.4196,1,165.7136,1117.8559
2016-01-30,325,Australia,"Road-650 Red, 62",782.99,782.99,1,62.6392,486.7066
2016-01-30,373,Italy,"Road-250 Black, 44",2181.5625,2181.5625,1,174.525,1320.6838
2016-01-30,369,Italy,"Road-250 Red, 48",2443.35,2443.35,1,195.468,1518.7864
2016-01-30,478,Australia,Mountain Bottle Cage,9.99,9.99,1,0.7992,3.7363
2016-01-30,355,Germany,"Mountain-200 Silver, 42",2319.99,2319.99,1,185.5992,1265.6195
2016-01-30,214,Canada,"Sport-100 Helmet, Red",34.99,34.99,1,2.7992,13.0863
2016-01-30,529,Germany,Road Tire Tube,3.99,3.99,1,0.3192,1.4923
2016-01-30,478,Australia,Mountain Bottle Cage,9.99,9.99,1,0.7992,3.7363
2016-01-30,222,Canada,"Sport-100 Helmet, Blue",34.99,34.99,1,2.7992,13.0863
2016-01-30,528,Italy,Mountain Tire Tube,4.99,4.99,1,0.3992,1.8663
2016-01-30,537,Canada,HL Mountain Tire,35,35,1,2.8,13.09
2016-01-30,478,Italy,Mountain Bottle Cage,9.99,9.99,1,0.7992,3.7363
2016-01-30,479,Germany,Road Bottle Cage,8.99,8.99,1,0.7192,3.3623
2016-01-30,225,France,AWC Logo Cap,8.99,8.99,1,0.7192,6.9223
2016-01-30,222,France,"Sport-100 Helmet, Blue",34.99,34.99,1,2.7992,13.0863
2016-01-30,537,United States,HL Mountain Tire,35,35,1,2.8,13.09
2016-01-30,604,Germany,"Road-750 Black, 44",539.99,539.99,1,43.1992,343.6496
2016-01-30,225,Canada,AWC Logo Cap,8.99,8.99,1,0.7192,6.9223
2016-01-30,477,Canada,Water Bottle - 30 oz.,4.99,4.99,1,0.3992,1.8663
2016-01-30,231,India,"Long-Sleeve Logo Jersey, M",49.99,49.99,1,3.9992,38.4923
2016-01-30,222,France,"Sport-100 Helmet, Blue",34.99,34.99,1,2.7992,13.0863
2016-01-30,528,India,Mountain Tire Tube,4.99,4.99,1,0.3992,1.8663
2016-01-30,222,Italy,"Sport-100 Helmet, Blue",34.99,34.99,1,2.7992,13.0863
2016-01-30,361,Germany,"Mountain-200 Black, 42",2294.99,2294.99,1,183.5992,1251.9813
2016-01-30,361,Italy,"Mountain-200 Black, 42",2294.99,2294.99,1,183.5992,1251.9813
2016-01-30,237,Italy,"Long-Sleeve Logo Jersey, XL",49.99,49.99,1,3.9992,38.4923
2016-01-30,485,United States,Fender Set - Mountain,21.98,21.98,1,1.7584,8.2205
2016-01-30,237,United States,"Long-Sleeve Logo Jersey, XL",49.99,49.99,1,3.9992,38.4923
2016-01-30,583,Germany,"Road-350-W Yellow, 48",1700.99,1700.99,1,136.0792,1082.51
2016-01-30,539,India,ML Road Tire,24.99,24.99,1,1.9992,9.3463
2016-01-31,222,Germany,"Sport-100 Helmet, Blue",34.99,34.99,1,2.7992,13.0863
2016-01-31,479,Germany,Road Bottle Cage,8.99,8.99,1,0.7192,3.3623
2016-01-31,214,Australia,"Sport-100 Helmet, Red",34.99,34.99,1,2.7992,13.0863
2016-01-31,465,India,"Half-Finger Gloves, M",24.49,24.49,1,1.9592,9.1593
2016-01-31,487,United States,Hydration Pack - 70 oz.,54.99,54.99,1,4.3992,20.5663
2016-01-31,536,India,ML Mountain Tire,29.99,29.99,1,2.3992,11.2163
2016-01-31,528,United States,Mountain Tire Tube,4.99,4.99,1,0.3992,1.8663
2016-01-31,528,Australia,Mountain Tire Tube,4.99,4.99,1,0.3992,1.8663
2016-01-31,535,United States,LL Mountain Tire,24.99,24.99,1,1.9992,9.3463
2016-01-31,537,France,HL Mountain Tire,35,35,1,2.8,13.09
2016-01-31,465,Canada,"Half-Finger Gloves, M",24.49,24.49,1,1.9592,9.1593
2016-01-31,479,France,Road Bottle Cage,8.99,8.99,1,0.7192,3.3623
2016-01-31,606,France,"Road-750 Black, 52",539.99,539.99,1,43.1992,343.6496
2016-01-31,486,India,All-Purpose Bike Stand,159,159,1,12.72,59.466
2016-01-31,540,France,HL Road Tire,32.6,32.6,1,2.608,12.1924
2016-01-31,483,United States,Hitch Rack - 4-Bike,120,120,1,9.6,44.88
2016-01-31,228,Germany,"Long-Sleeve Logo Jersey, S",49.99,49.99,1,3.9992,38.4923
2016-01-31,480,Germany,Patch Kit/8 Patches,2.29,2.29,1,0.1832,0.8565
2016-02-01,310,India,"Road-150 Red, 62",3578.27,3578.27,1,286.2616,2171.2942
2016-02-01,375,United States,"Road-250 Black, 48",2181.5625,2181.5625,1,174.525,1320.6838
2016-02-01,477,United States,Water Bottle - 30 oz.,4.99,4.99,1,0.3992,1.8663
2016-02-01,484,India,Bike Wash - Dissolver,7.95,7.95,1,0.636,2.9733
2016-02-01,528,India,Mountain Tire Tube,4.99,4.99,1,0.3992,1.8663
2016-02-01,530,Italy,Touring Tire Tube,4.99,4.99,1,0.3992,1.8663
2016-02-01,214,Canada,"Sport-100 Helmet, Red",34.99,34.99,1,2.7992,13.0863
2016-02-01,584,Canada,"Road-750 Black, 58",539.99,539.99,1,43.1992,343.6496
2016-02-01,539,France,ML Road Tire,24.99,24.99,1,1.9992,9.3463
2016-02-01,222,Canada,"Sport-100 Helmet, Blue",34.99,34.99,1,2.7992,13.0863
2016-02-01,479,Australia,Road Bottle Cage,8.99,8.99,1,0.7192,3.3623
2016-02-01,537,Germany,HL Mountain Tire,35,35,1,2.8,13.09
2016-02-01,214,United States,"Sport-100 Helmet, Red",34.99,34.99,1,2.7992,13.0863
2016-02-01,237,United States,"Long-Sleeve Logo Jersey, XL",49.99,49.99,1,3.9992,38.4923
2016-02-01,536,India,ML Mountain Tire,29.99,29.99,1,2.3992,11.2163
2016-02-01,528,France,Mountain Tire Tube,4.99,4.99,1,0.3992,1.8663
2016-02-01,477,India,Water Bottle - 30 oz.,4.99,4.99,1,0.3992,1.8663
2016-02-01,528,France,Mountain Tire Tube,4.99,4.99,1,0.3992,1.8663
2016-02-01,482,Germany,"Racing Socks, L",8.99,8.99,1,0.7192,3.3623
2016-02-01,485,Italy,Fender Set - Mountain,21.98,21.98,1,1.7584,8.2205
2016-02-01,388,United States,"Road-550-W Yellow, 44",1120.49,1120.49,1,89.6392,713.0798
2016-02-01,485,Italy,Fender Set - Mountain,21.98,21.98,1,1.7584,8.2205
2016-02-01,477,Australia,Water Bottle - 30 oz.,4.99,4.99,1,0.3992,1.8663
2016-02-01,490,Australia,"Short-Sleeve Classic Jersey, L",53.99,53.99,1,4.3192,41.5723
2016-02-01,486,India,All-Purpose Bike Stand,159,159,1,12.72,59.466
2016-02-01,529,France,Road Tire Tube,3.99,3.99,1,0.3192,1.4923
2016-02-01,488,Australia,"Short-Sleeve Classic Jersey, S",53.99,53.99,1,4.3192,41.5723
2016-02-01,217,India,"Sport-100 Helmet, Black",34.99,34.99,1,2.7992,13.0863
2016-02-01,490,Australia,"Short-Sleeve Classic Jersey, L",53.99,53.99,1,4.3192,41.5723
2016-02-01,489,France,"Short-Sleeve Classic Jersey, M",53.99,53.99,1,4.3192,41.5723
2016-02-01,529,Germany,Road Tire Tube,3.99,3.99,1,0.3192,1.4923
2016-02-02,352,Germany,"Mountain-200 Silver, 38",2071.4196,2071.4196,1,165.7136,1117.8559
2016-02-02,528,Australia,Mountain Tire Tube,4.99,4.99,1,0.3992,1.8663
2016-02-02,475,Australia,"Women's Mountain Shorts, M",69.99,69.99,1,5.5992,26.1763
2016-02-02,529,Canada,Road Tire Tube,3.99,3.99,1,0.3192,1.4923
2016-02-02,529,France,Road Tire Tube,3.99,3.99,1,0.3192,1.4923
2016-02-02,480,Canada,Patch Kit/8 Patches,2.29,2.29,1,0.1832,0.8565
2016-02-02,363,United States,"Mountain-200 Black, 46",2294.99,2294.99,1,183.5992,1251.9813
2016-02-02,475,Canada,"Women's Mountain Shorts, M",69.99,69.99,1,5.5992,26.1763
2016-02-02,538,Australia,LL Road Tire,21.49,21.49,1,1.7192,8.0373
2016-02-02,214,Italy,"Sport-100 Helmet, Red",34.99,34.99,1,2.7992,13.0863
2016-02-02,574,India,"Touring-1000 Blue, 50",2384.07,2384.07,1,190.7256,1481.9379
2016-02-02,363,France,"Mountain-200 Black, 46",2294.99,2294.99,1,183.5992,1251.9813
2016-02-02,476,United States,"Women's Mountain Shorts, L",69.99,69.99,1,5.5992,26.1763
2016-02-02,477,France,Water Bottle - 30 oz.,4.99,4.99,1,0.3992,1.8663
2016-02-02,606,Canada,"Road-750 Black, 52",539.99,539.99,1,43.1992,343.6496
2016-02-02,374,United States,"Road-250 Black, 44",2443.35,2443.35,1,195.468,1554.9479
2016-02-02,477,India,Water Bottle - 30 oz.,4.99,4.99,1,0.3992,1.8663
2016-02-02,562,Canada,"Touring-1000 Yellow, 50",2384.07,2384.07,1,190.7256,1481.9379
