DATE,COUNTRY,PRODUCT,SALES
01-01-2021,GERMANY,IPHONE,529
01-01-2021,INDIA,TV,596
01-01-2021,UK,TAB,513
01-01-2021,INDIA,SPEAKERS,668
01-01-2021,US,TAB,758
03-01-2021,US,TV,496
03-01-2021,UK,PHONE,730
04-01-2021,GERMANY,TV,137
04-01-2021,UK,TAB,447
05-01-2021,GERMANY,SPEAKERS,179
05-01-2021,US,IPHONE,966
05-01-2021,US,TV,559
05-01-2021,US,IPHONE,270
05-01-2021,GERMANY,PHONE,182
05-01-2021,GERMANY,SPEAKERS,179
06-01-2021,GERMANY,TAB,142
07-01-2021,GERMANY,PHONE,836
07-01-2021,INDIA,SPEAKERS,228
07-01-2021,GERMANY,TV,831
08-01-2021,INDIA,IPHONE,915
08-01-2021,UK,PHONE,249
08-01-2021,UK,SPEAKERS,468
09-01-2021,US,PHONE,63
09-01-2021,UK,TAB,357
09-01-2021,INDIA,TV,279
09-01-2021,UK,TAB,790
10-01-2021,UK,TV,646
10-01-2021,US,SPEAKERS,764
10-01-2021,GERMANY,TAB,877
11-01-2021,INDIA,TV,391
11-01-2021,UK,PHONE,692
12-01-2021,UK,IPHONE,376
12-01-2021,US,PHONE,823
13-01-2021,GERMANY,IPHONE,763
13-01-2021,GERMANY,IPHONE,129
14-01-2021,US,IPHONE,666
14-01-2021,INDIA,IPHONE,407
14-01-2021,UK,TV,964
14-01-2021,US,IPHONE,443
15-01-2021,UK,TV,611
15-01-2021,UK,SPEAKERS,422
16-01-2021,INDIA,IPHONE,909
17-01-2021,GERMANY,TV,992
17-01-2021,INDIA,SPEAKERS,187
17-01-2021,UK,SPEAKERS,240
17-01-2021,US,TV,818
17-01-2021,UK,PHONE,429
17-01-2021,UK,TAB,861
18-01-2021,INDIA,TAB,658
18-01-2021,GERMANY,SPEAKERS,353
18-01-2021,UK,SPEAKERS,820
18-01-2021,GERMANY,PHONE,770
19-01-2021,US,PHONE,169
19-01-2021,INDIA,SPEAKERS,227
19-01-2021,UK,SPEAKERS,79
20-01-2021,INDIA,PHONE,100
20-01-2021,INDIA,TV,81
22-01-2021,UK,TAB,893
22-01-2021,US,PHONE,542
22-01-2021,INDIA,PHONE,375
23-01-2021,INDIA,TV,309
24-01-2021,US,IPHONE,842
24-01-2021,INDIA,IPHONE,766
24-01-2021,UK,PHONE,941
24-01-2021,UK,SPEAKERS,700
25-01-2021,GERMANY,PHONE,432
25-01-2021,UK,TV,853
26-01-2021,GERMANY,SPEAKERS,286
26-01-2021,US,IPHONE,319
26-01-2021,GERMANY,TAB,822
27-01-2021,GERMANY,PHONE,23
27-01-2021,US,TAB,150
27-01-2021,UK,TV,544
27-01-2021,GERMANY,TV,407
28-01-2021,UK,SPEAKERS,639
28-01-2021,US,TV,345
31-01-2021,US,PHONE,810
31-01-2021,UK,PHONE,364
31-01-2021,GERMANY,IPHONE,845
31-01-2021,INDIA,TV,522
01-02-2021,GERMANY,IPHONE,459
01-02-2021,US,SPEAKERS,219
01-02-2021,US,TAB,108
01-02-2021,UK,IPHONE,67
02-02-2021,UK,TAB,55
02-02-2021,GERMANY,SPEAKERS,907
04-02-2021,GERMANY,PHONE,303
04-02-2021,US,PHONE,275
04-02-2021,US,IPHONE,997
04-02-2021,GERMANY,TV,804
05-02-2021,UK,TAB,111
05-02-2021,UK,TAB,856
05-02-2021,INDIA,PHONE,698
06-02-2021,GERMANY,TAB,558
06-02-2021,US,IPHONE,373
06-02-2021,UK,TV,2
07-02-2021,GERMANY,PHONE,228
07-02-2021,GERMANY,IPHONE,71
07-02-2021,GERMANY,PHONE,148
07-02-2021,INDIA,PHONE,12
07-02-2021,INDIA,TAB,915
09-02-2021,US,TV,580
10-02-2021,INDIA,SPEAKERS,87
10-02-2021,GERMANY,IPHONE,310
10-02-2021,US,PHONE,918
10-02-2021,INDIA,IPHONE,364
10-02-2021,US,TAB,820
11-02-2021,GERMANY,IPHONE,508
11-02-2021,GERMANY,PHONE,224
11-02-2021,UK,TV,25
12-02-2021,GERMANY,PHONE,361
12-02-2021,UK,TAB,404
12-02-2021,UK,PHONE,372
12-02-2021,US,TAB,627
12-02-2021,GERMANY,PHONE,161
13-02-2021,GERMANY,TV,149
13-02-2021,UK,IPHONE,865
13-02-2021,UK,TV,642
14-02-2021,UK,SPEAKERS,55
14-02-2021,GERMANY,SPEAKERS,515
14-02-2021,INDIA,TAB,743
14-02-2021,GERMANY,TV,385
15-02-2021,US,TAB,889
16-02-2021,US,TV,897
16-02-2021,US,PHONE,725
16-02-2021,US,SPEAKERS,15
16-02-2021,GERMANY,TAB,654
16-02-2021,UK,SPEAKERS,659
17-02-2021,GERMANY,TV,667
17-02-2021,UK,IPHONE,399
17-02-2021,UK,SPEAKERS,469
17-02-2021,INDIA,SPEAKERS,446
17-02-2021,GERMANY,TAB,19
17-02-2021,INDIA,PHONE,744
17-02-2021,GERMANY,TV,954
17-02-2021,GERMANY,IPHONE,565
18-02-2021,INDIA,PHONE,47
18-02-2021,US,IPHONE,289
18-02-2021,UK,PHONE,804
18-02-2021,INDIA,IPHONE,673
20-02-2021,GERMANY,IPHONE,92
20-02-2021,GERMANY,IPHONE,555
20-02-2021,INDIA,IPHONE,223
20-02-2021,UK,PHONE,772
21-02-2021,US,TV,982
21-02-2021,GERMANY,TV,536
21-02-2021,US,SPEAKERS,427
21-02-2021,UK,TV,321
22-02-2021,GERMANY,IPHONE,981
22-02-2021,INDIA,SPEAKERS,535
23-02-2021,UK,TV,982
23-02-2021,UK,SPEAKERS,789
24-02-2021,INDIA,TV,536
24-02-2021,INDIA,PHONE,230
25-02-2021,UK,TV,552
25-02-2021,INDIA,IPHONE,17
27-02-2021,GERMANY,SPEAKERS,491
27-02-2021,US,IPHONE,558
27-02-2021,US,PHONE,169
27-02-2021,GERMANY,TAB,530
28-02-2021,US,IPHONE,632
28-02-2021,UK,TAB,840
28-02-2021,UK,PHONE,761
28-02-2021,GERMANY,TV,206
01-03-2021,US,TV,838
01-03-2021,UK,PHONE,763
02-03-2021,GERMANY,IPHONE,137
02-03-2021,INDIA,TV,351
02-03-2021,UK,TAB,301
03-03-2021,INDIA,TV,158
03-03-2021,GERMANY,PHONE,423
03-03-2021,GERMANY,PHONE,560
04-03-2021,US,PHONE,279
04-03-2021,GERMANY,IPHONE,635
04-03-2021,US,TV,156
04-03-2021,GERMANY,SPEAKERS,269
04-03-2021,UK,SPEAKERS,760
05-03-2021,US,TAB,850
05-03-2021,GERMANY,TV,549
06-03-2021,GERMANY,TV,291
06-03-2021,GERMANY,TAB,975
06-03-2021,UK,IPHONE,83
07-03-2021,INDIA,IPHONE,197
07-03-2021,INDIA,TAB,963
07-03-2021,INDIA,IPHONE,600
07-03-2021,GERMANY,TAB,345
07-03-2021,INDIA,PHONE,1200
09-03-2021,INDIA,PHONE,250
09-03-2021,GERMANY,TV,9
09-03-2021,US,IPHONE,711
09-03-2021,INDIA,TAB,653
10-03-2021,US,TAB,122
10-03-2021,GERMANY,IPHONE,405
10-03-2021,US,IPHONE,942
10-03-2021,US,PHONE,525
10-03-2021,US,SPEAKERS,912
11-03-2021,UK,IPHONE,452
11-03-2021,INDIA,TAB,221
12-03-2021,US,PHONE,898
12-03-2021,UK,TV,573
12-03-2021,INDIA,TAB,686
13-03-2021,US,TAB,447
13-03-2021,INDIA,SPEAKERS,224
14-03-2021,US,IPHONE,953
15-03-2021,GERMANY,SPEAKERS,285
15-03-2021,UK,TV,492
15-03-2021,GERMANY,PHONE,287
16-03-2021,US,TV,266
16-03-2021,US,TV,727
16-03-2021,US,TV,854
16-03-2021,GERMANY,TAB,247
17-03-2021,INDIA,TV,635
17-03-2021,UK,TAB,83
18-03-2021,GERMANY,TV,199
19-03-2021,INDIA,TV,288
19-03-2021,INDIA,TAB,892
19-03-2021,GERMANY,IPHONE,260
20-03-2021,GERMANY,SPEAKERS,225
21-03-2021,US,TV,363
21-03-2021,GERMANY,TAB,926
22-03-2021,INDIA,TV,314
22-03-2021,GERMANY,TAB,242
22-03-2021,US,TAB,507
23-03-2021,INDIA,IPHONE,343
23-03-2021,UK,IPHONE,493
23-03-2021,INDIA,TV,210
23-03-2021,INDIA,SPEAKERS,162
23-03-2021,UK,IPHONE,873
23-03-2021,US,PHONE,995
23-03-2021,GERMANY,TAB,133
24-03-2021,GERMANY,TAB,269
25-03-2021,INDIA,PHONE,132
25-03-2021,GERMANY,TAB,835
25-03-2021,UK,SPEAKERS,454
26-03-2021,INDIA,PHONE,426
26-03-2021,GERMANY,IPHONE,969
26-03-2021,UK,PHONE,172
26-03-2021,GERMANY,TV,774
27-03-2021,US,TAB,262
27-03-2021,US,TAB,363
28-03-2021,INDIA,TAB,398
28-03-2021,INDIA,TAB,540
29-03-2021,UK,PHONE,89
29-03-2021,GERMANY,TV,19
29-03-2021,US,IPHONE,462
29-03-2021,US,TAB,430
29-03-2021,US,IPHONE,582
29-03-2021,US,PHONE,707
31-03-2021,INDIA,PHONE,34
31-03-2021,INDIA,PHONE,265
31-03-2021,US,TAB,850
01-04-2021,INDIA,SPEAKERS,419
01-04-2021,INDIA,PHONE,341
02-04-2021,INDIA,PHONE,376
02-04-2021,INDIA,TAB,347
02-04-2021,US,TAB,78
03-04-2021,GERMANY,TV,989
03-04-2021,GERMANY,TV,455
03-04-2021,UK,PHONE,922
03-04-2021,INDIA,SPEAKERS,279
03-04-2021,INDIA,TAB,601
05-04-2021,INDIA,TV,247
06-04-2021,INDIA,IPHONE,699
06-04-2021,GERMANY,TAB,675
06-04-2021,INDIA,IPHONE,88
06-04-2021,GERMANY,TV,296
07-04-2021,US,SPEAKERS,537
07-04-2021,UK,PHONE,217
09-04-2021,UK,IPHONE,367
09-04-2021,INDIA,IPHONE,877
09-04-2021,US,SPEAKERS,921
09-04-2021,GERMANY,TAB,524
09-04-2021,US,IPHONE,86
09-04-2021,INDIA,TV,859
10-04-2021,INDIA,PHONE,887
10-04-2021,US,IPHONE,137
10-04-2021,UK,IPHONE,380
10-04-2021,UK,IPHONE,43
11-04-2021,INDIA,PHONE,508
11-04-2021,INDIA,TV,841
11-04-2021,GERMANY,SPEAKERS,8
12-04-2021,US,PHONE,343
12-04-2021,UK,IPHONE,147
12-04-2021,US,PHONE,162
13-04-2021,INDIA,TAB,197
13-04-2021,US,TV,611
13-04-2021,GERMANY,SPEAKERS,331
13-04-2021,US,TV,172
14-04-2021,INDIA,TV,325
14-04-2021,US,PHONE,643
15-04-2021,US,SPEAKERS,515
15-04-2021,UK,IPHONE,305
15-04-2021,UK,SPEAKERS,705
16-04-2021,US,SPEAKERS,418
16-04-2021,US,TAB,421
16-04-2021,INDIA,TV,89
16-04-2021,UK,IPHONE,483
17-04-2021,INDIA,TV,811
17-04-2021,GERMANY,TAB,748
17-04-2021,GERMANY,IPHONE,158
17-04-2021,INDIA,IPHONE,474
17-04-2021,US,TV,482
18-04-2021,INDIA,TV,274
19-04-2021,UK,IPHONE,673
21-04-2021,UK,IPHONE,4
21-04-2021,UK,IPHONE,377
22-04-2021,UK,PHONE,46
22-04-2021,INDIA,TV,827
23-04-2021,UK,SPEAKERS,641
23-04-2021,UK,IPHONE,643
23-04-2021,GERMANY,SPEAKERS,98
23-04-2021,US,TV,162
24-04-2021,UK,TV,938
24-04-2021,US,IPHONE,147
25-04-2021,UK,IPHONE,823
25-04-2021,UK,TV,216
26-04-2021,UK,TV,620
26-04-2021,UK,TV,261
27-04-2021,UK,IPHONE,679
27-04-2021,UK,PHONE,896
27-04-2021,INDIA,IPHONE,853
28-04-2021,UK,IPHONE,602
29-04-2021,US,TV,574
29-04-2021,INDIA,TAB,706
29-04-2021,GERMANY,TAB,576
01-05-2021,INDIA,PHONE,634
01-05-2021,US,PHONE,404
01-05-2021,GERMANY,SPEAKERS,122
01-05-2021,INDIA,SPEAKERS,43
02-05-2021,US,PHONE,215
02-05-2021,INDIA,PHONE,105
02-05-2021,INDIA,IPHONE,848
02-05-2021,GERMANY,PHONE,282
03-05-2021,INDIA,SPEAKERS,545
04-05-2021,GERMANY,TV,333
04-05-2021,INDIA,SPEAKERS,408
05-05-2021,UK,SPEAKERS,151
05-05-2021,INDIA,PHONE,755
05-05-2021,UK,SPEAKERS,703
07-05-2021,US,PHONE,492
07-05-2021,US,TV,673
07-05-2021,US,TV,1748
08-05-2021,INDIA,PHONE,336
08-05-2021,US,SPEAKERS,418
08-05-2021,UK,PHONE,849
08-05-2021,INDIA,IPHONE,726
08-05-2021,UK,IPHONE,794
09-05-2021,UK,TAB,220
09-05-2021,INDIA,IPHONE,952
09-05-2021,US,IPHONE,601
10-05-2021,GERMANY,TV,864
10-05-2021,INDIA,PHONE,810
10-05-2021,INDIA,TV,629
10-05-2021,US,IPHONE,703
10-05-2021,US,TAB,483
11-05-2021,UK,PHONE,572
11-05-2021,UK,TAB,796
11-05-2021,UK,TAB,549
12-05-2021,INDIA,TAB,834
13-05-2021,UK,PHONE,441
13-05-2021,INDIA,TAB,711
14-05-2021,US,TAB,531
14-05-2021,UK,TAB,167
14-05-2021,US,SPEAKERS,570
14-05-2021,INDIA,SPEAKERS,175
14-05-2021,US,IPHONE,477
14-05-2021,UK,PHONE,450
15-05-2021,US,TV,294
15-05-2021,GERMANY,SPEAKERS,448
15-05-2021,GERMANY,SPEAKERS,525
16-05-2021,GERMANY,TAB,534
16-05-2021,US,PHONE,257
16-05-2021,UK,TV,160
16-05-2021,UK,PHONE,534
17-05-2021,GERMANY,SPEAKERS,447
17-05-2021,GERMANY,IPHONE,173
19-05-2021,GERMANY,TAB,27
19-05-2021,UK,IPHONE,790
19-05-2021,UK,TV,298
19-05-2021,GERMANY,PHONE,306
19-05-2021,INDIA,IPHONE,486
20-05-2021,GERMANY,PHONE,962
20-05-2021,US,IPHONE,286
20-05-2021,US,IPHONE,879
20-05-2021,US,TAB,404
20-05-2021,GERMANY,TAB,2257
21-05-2021,GERMANY,TV,8
22-05-2021,INDIA,IPHONE,579
22-05-2021,GERMANY,TAB,80
22-05-2021,UK,IPHONE,145
22-05-2021,INDIA,TV,856
22-05-2021,GERMANY,IPHONE,915
23-05-2021,GERMANY,SPEAKERS,722
23-05-2021,GERMANY,IPHONE,239
24-05-2021,UK,TAB,993
24-05-2021,US,SPEAKERS,111
25-05-2021,US,SPEAKERS,491
25-05-2021,UK,IPHONE,661
26-05-2021,INDIA,IPHONE,49
26-05-2021,GERMANY,SPEAKERS,706
26-05-2021,US,TAB,711
26-05-2021,UK,TV,406
27-05-2021,US,PHONE,602
27-05-2021,UK,TV,176
28-05-2021,INDIA,PHONE,728
28-05-2021,US,PHONE,15
30-05-2021,UK,PHONE,361
30-05-2021,INDIA,IPHONE,844
31-05-2021,GERMANY,IPHONE,980
31-05-2021,US,PHONE,554
31-05-2021,INDIA,TV,892
31-05-2021,US,SPEAKERS,118
01-06-2021,US,SPEAKERS,704
01-06-2021,UK,TAB,260
01-06-2021,INDIA,IPHONE,62
01-06-2021,US,PHONE,969
01-06-2021,INDIA,PHONE,191
02-06-2021,UK,TV,448
02-06-2021,INDIA,TV,518
02-06-2021,US,PHONE,40
03-06-2021,US,IPHONE,513
04-06-2021,US,TV,834
04-06-2021,UK,TAB,699
06-06-2021,UK,TV,342
06-06-2021,US,TV,149
07-06-2021,US,TAB,717
08-06-2021,UK,TAB,947
08-06-2021,GERMANY,IPHONE,220
09-06-2021,INDIA,SPEAKERS,31
09-06-2021,US,TAB,643
09-06-2021,INDIA,PHONE,297
09-06-2021,GERMANY,PHONE,667
10-06-2021,GERMANY,SPEAKERS,336
10-06-2021,UK,TAB,684
10-06-2021,INDIA,SPEAKERS,35
10-06-2021,GERMANY,IPHONE,103
10-06-2021,GERMANY,TV,29
11-06-2021,GERMANY,TV,244
11-06-2021,GERMANY,IPHONE,882
12-06-2021,GERMANY,SPEAKERS,610
13-06-2021,UK,PHONE,659
13-06-2021,UK,TAB,391
13-06-2021,UK,TV,240
14-06-2021,GERMANY,SPEAKERS,486
15-06-2021,UK,TAB,537
15-06-2021,US,TAB,282
15-06-2021,INDIA,TAB,490
16-06-2021,UK,TV,100
16-06-2021,GERMANY,IPHONE,800
16-06-2021,INDIA,TV,954
16-06-2021,GERMANY,PHONE,179
16-06-2021,UK,TAB,814
16-06-2021,UK,IPHONE,379
16-06-2021,GERMANY,PHONE,469
17-06-2021,US,TAB,208
17-06-2021,GERMANY,TAB,806
18-06-2021,UK,SPEAKERS,79
18-06-2021,GERMANY,TV,883
18-06-2021,UK,IPHONE,275
19-06-2021,INDIA,TAB,983
19-06-2021,US,SPEAKERS,587
19-06-2021,INDIA,TV,583
19-06-2021,INDIA,TAB,981
19-06-2021,GERMANY,TV,148
19-06-2021,GERMANY,TAB,900
19-06-2021,UK,PHONE,314
20-06-2021,US,SPEAKERS,478
20-06-2021,UK,IPHONE,694
21-06-2021,INDIA,SPEAKERS,636
22-06-2021,UK,SPEAKERS,619
24-06-2021,US,TAB,592
24-06-2021,INDIA,SPEAKERS,629
25-06-2021,INDIA,IPHONE,141
25-06-2021,INDIA,TAB,144
25-06-2021,UK,TV,815
26-06-2021,UK,IPHONE,3
26-06-2021,INDIA,SPEAKERS,200
26-06-2021,US,PHONE,996
27-06-2021,US,TAB,637
28-06-2021,GERMANY,PHONE,395
28-06-2021,UK,IPHONE,364
28-06-2021,GERMANY,SPEAKERS,804
29-06-2021,US,TAB,204
30-06-2021,UK,IPHONE,710
30-06-2021,GERMANY,SPEAKERS,952
30-06-2021,UK,IPHONE,707
01-07-2021,INDIA,SPEAKERS,346
02-07-2021,US,TV,345
03-07-2021,INDIA,IPHONE,969
03-07-2021,US,TAB,326
03-07-2021,UK,TAB,525
05-07-2021,US,SPEAKERS,213
05-07-2021,GERMANY,IPHONE,972
06-07-2021,US,TAB,893
07-07-2021,US,TAB,832
07-07-2021,UK,PHONE,854
08-07-2021,INDIA,TV,135
09-07-2021,INDIA,PHONE,437
09-07-2021,GERMANY,PHONE,227
10-07-2021,GERMANY,TV,163
10-07-2021,UK,TV,852
10-07-2021,GERMANY,PHONE,250
11-07-2021,UK,TAB,616
11-07-2021,GERMANY,IPHONE,215
11-07-2021,US,SPEAKERS,144
11-07-2021,UK,IPHONE,782
12-07-2021,UK,IPHONE,125
12-07-2021,US,PHONE,656
13-07-2021,UK,SPEAKERS,125
13-07-2021,INDIA,IPHONE,6
14-07-2021,GERMANY,TAB,239
15-07-2021,US,TAB,154
15-07-2021,GERMANY,TAB,884
15-07-2021,GERMANY,PHONE,663
17-07-2021,US,TV,360
18-07-2021,GERMANY,TAB,558
18-07-2021,US,SPEAKERS,952
18-07-2021,GERMANY,SPEAKERS,669
18-07-2021,GERMANY,PHONE,192
19-07-2021,UK,SPEAKERS,467
19-07-2021,GERMANY,TV,181
20-07-2021,US,SPEAKERS,442
20-07-2021,GERMANY,PHONE,10
20-07-2021,INDIA,TV,381
20-07-2021,US,PHONE,752
20-07-2021,INDIA,PHONE,394
21-07-2021,US,TV,652
21-07-2021,GERMANY,TAB,514
22-07-2021,INDIA,PHONE,747
22-07-2021,US,PHONE,180
22-07-2021,INDIA,IPHONE,175
23-07-2021,US,TAB,206
23-07-2021,UK,IPHONE,199
23-07-2021,GERMANY,SPEAKERS,654
23-07-2021,INDIA,TAB,903
24-07-2021,UK,TAB,6
25-07-2021,US,SPEAKERS,914
25-07-2021,GERMANY,SPEAKERS,964
25-07-2021,UK,TAB,742
25-07-2021,UK,PHONE,748
25-07-2021,INDIA,IPHONE,298
25-07-2021,GERMANY,SPEAKERS,244
25-07-2021,US,SPEAKERS,410
25-07-2021,UK,SPEAKERS,849
26-07-2021,GERMANY,SPEAKERS,816
26-07-2021,US,SPEAKERS,627
26-07-2021,GERMANY,TAB,844
27-07-2021,US,IPHONE,592
27-07-2021,INDIA,PHONE,930
28-07-2021,GERMANY,PHONE,306
29-07-2021,US,SPEAKERS,455
29-07-2021,UK,TAB,495
29-07-2021,UK,TAB,587
30-07-2021,GERMANY,PHONE,697
30-07-2021,GERMANY,TAB,414
31-07-2021,GERMANY,SPEAKERS,369
31-07-2021,GERMANY,IPHONE,53
01-08-2021,UK,SPEAKERS,106
01-08-2021,INDIA,SPEAKERS,877
01-08-2021,UK,IPHONE,207
02-08-2021,INDIA,SPEAKERS,187
02-08-2021,INDIA,PHONE,503
02-08-2021,UK,PHONE,113
03-08-2021,GERMANY,TV,103
04-08-2021,INDIA,SPEAKERS,181
05-08-2021,GERMANY,TV,810
05-08-2021,GERMANY,PHONE,512
05-08-2021,US,SPEAKERS,509
05-08-2021,INDIA,TV,868
05-08-2021,US,SPEAKERS,778
06-08-2021,US,PHONE,947
07-08-2021,UK,PHONE,464
07-08-2021,GERMANY,TV,847
07-08-2021,US,TAB,848
08-08-2021,GERMANY,PHONE,537
08-08-2021,US,IPHONE,506
09-08-2021,INDIA,IPHONE,218
09-08-2021,UK,IPHONE,387
09-08-2021,UK,TAB,429
09-08-2021,INDIA,IPHONE,799
09-08-2021,INDIA,SPEAKERS,442
09-08-2021,INDIA,PHONE,950
09-08-2021,UK,SPEAKERS,920
09-08-2021,US,SPEAKERS,303
10-08-2021,US,IPHONE,805
10-08-2021,UK,TV,433
10-08-2021,GERMANY,IPHONE,653
10-08-2021,INDIA,IPHONE,150
10-08-2021,US,IPHONE,587
10-08-2021,UK,IPHONE,71
10-08-2021,INDIA,IPHONE,295
10-08-2021,GERMANY,TAB,946
11-08-2021,INDIA,TAB,456
11-08-2021,GERMANY,TV,736
11-08-2021,INDIA,TAB,394
12-08-2021,INDIA,SPEAKERS,697
12-08-2021,INDIA,TAB,590
12-08-2021,INDIA,SPEAKERS,422
12-08-2021,INDIA,TV,665
13-08-2021,US,PHONE,746
13-08-2021,UK,IPHONE,843
13-08-2021,US,SPEAKERS,315
15-08-2021,INDIA,IPHONE,684
15-08-2021,INDIA,TV,32
15-08-2021,US,SPEAKERS,820
15-08-2021,GERMANY,TV,97
16-08-2021,INDIA,SPEAKERS,923
16-08-2021,INDIA,SPEAKERS,766
16-08-2021,GERMANY,TAB,818
17-08-2021,UK,SPEAKERS,646
17-08-2021,US,TAB,318
18-08-2021,GERMANY,TV,886
18-08-2021,INDIA,IPHONE,224
18-08-2021,UK,TAB,836
18-08-2021,UK,SPEAKERS,837
18-08-2021,GERMANY,TV,178
18-08-2021,US,PHONE,830
20-08-2021,US,TV,71
20-08-2021,INDIA,PHONE,583
21-08-2021,UK,SPEAKERS,283
21-08-2021,GERMANY,TV,86
21-08-2021,INDIA,PHONE,618
21-08-2021,UK,IPHONE,1239
22-08-2021,UK,SPEAKERS,985
22-08-2021,UK,SPEAKERS,568
23-08-2021,UK,PHONE,820
24-08-2021,GERMANY,TV,604
24-08-2021,US,TV,440
24-08-2021,INDIA,SPEAKERS,730
25-08-2021,GERMANY,IPHONE,36
26-08-2021,INDIA,PHONE,925
26-08-2021,GERMANY,IPHONE,119
26-08-2021,INDIA,TAB,383
26-08-2021,INDIA,TV,119
27-08-2021,GERMANY,TV,717
27-08-2021,GERMANY,TAB,97
27-08-2021,US,TV,422
28-08-2021,GERMANY,IPHONE,233
28-08-2021,UK,TAB,920
28-08-2021,UK,TAB,501
29-08-2021,INDIA,SPEAKERS,552
29-08-2021,US,SPEAKERS,503
29-08-2021,INDIA,SPEAKERS,957
29-08-2021,GERMANY,PHONE,225
31-08-2021,INDIA,SPEAKERS,119
31-08-2021,US,TV,210
31-08-2021,US,PHONE,521
31-08-2021,GERMANY,TAB,789
31-08-2021,US,IPHONE,847
01-09-2021,US,SPEAKERS,274
01-09-2021,US,PHONE,834
01-09-2021,INDIA,PHONE,410
01-09-2021,US,TAB,110
01-09-2021,GERMANY,IPHONE,507
01-09-2021,GERMANY,SPEAKERS,503
02-09-2021,US,TAB,377
04-09-2021,GERMANY,PHONE,933
04-09-2021,US,SPEAKERS,551
04-09-2021,UK,SPEAKERS,713
04-09-2021,INDIA,SPEAKERS,238
05-09-2021,UK,PHONE,997
06-09-2021,INDIA,TAB,123
07-09-2021,US,PHONE,813
07-09-2021,GERMANY,SPEAKERS,949
07-09-2021,INDIA,PHONE,242
07-09-2021,INDIA,PHONE,394
08-09-2021,INDIA,IPHONE,292
08-09-2021,US,IPHONE,504
08-09-2021,GERMANY,PHONE,42
11-09-2021,US,SPEAKERS,926
11-09-2021,INDIA,SPEAKERS,4
11-09-2021,INDIA,IPHONE,442
12-09-2021,US,SPEAKERS,558
12-09-2021,US,SPEAKERS,693
13-09-2021,UK,IPHONE,794
16-09-2021,GERMANY,SPEAKERS,822
16-09-2021,GERMANY,TAB,14
16-09-2021,US,TV,451
16-09-2021,US,IPHONE,565
16-09-2021,US,TV,992
17-09-2021,GERMANY,SPEAKERS,735
17-09-2021,UK,SPEAKERS,658
17-09-2021,UK,IPHONE,779
17-09-2021,UK,SPEAKERS,221
18-09-2021,US,PHONE,516
18-09-2021,GERMANY,TV,48
19-09-2021,INDIA,PHONE,496
19-09-2021,INDIA,SPEAKERS,730
20-09-2021,INDIA,TV,86
20-09-2021,INDIA,TAB,562
21-09-2021,US,TV,368
21-09-2021,GERMANY,SPEAKERS,633
21-09-2021,INDIA,TAB,127
22-09-2021,GERMANY,SPEAKERS,841
22-09-2021,US,IPHONE,15
23-09-2021,INDIA,SPEAKERS,706
23-09-2021,US,PHONE,53
25-09-2021,INDIA,TAB,682
25-09-2021,GERMANY,IPHONE,996
27-09-2021,GERMANY,IPHONE,328
27-09-2021,INDIA,TV,8
27-09-2021,US,TV,997
27-09-2021,INDIA,TAB,396
27-09-2021,INDIA,TV,835
27-09-2021,US,SPEAKERS,182
28-09-2021,UK,TV,596
28-09-2021,UK,TAB,798
28-09-2021,US,TAB,434
28-09-2021,INDIA,PHONE,470
02-10-2021,GERMANY,SPEAKERS,830
02-10-2021,US,TAB,462
02-10-2021,GERMANY,TAB,630
03-10-2021,GERMANY,PHONE,304
03-10-2021,UK,SPEAKERS,710
03-10-2021,US,TV,465
03-10-2021,US,IPHONE,850
03-10-2021,UK,TAB,402
04-10-2021,US,PHONE,838
04-10-2021,INDIA,TV,311
04-10-2021,UK,IPHONE,1239
05-10-2021,UK,PHONE,551
05-10-2021,GERMANY,SPEAKERS,549
06-10-2021,UK,TV,924
06-10-2021,INDIA,TAB,684
06-10-2021,UK,PHONE,901
06-10-2021,US,PHONE,295
06-10-2021,US,TV,1748
07-10-2021,INDIA,PHONE,260
08-10-2021,US,SPEAKERS,661
08-10-2021,GERMANY,SPEAKERS,56
09-10-2021,UK,SPEAKERS,200
11-10-2021,UK,SPEAKERS,865
11-10-2021,GERMANY,PHONE,502
11-10-2021,GERMANY,IPHONE,951
11-10-2021,INDIA,PHONE,916
11-10-2021,INDIA,SPEAKERS,73
13-10-2021,UK,IPHONE,490
13-10-2021,INDIA,IPHONE,924
13-10-2021,INDIA,TAB,820
13-10-2021,GERMANY,IPHONE,696
13-10-2021,UK,IPHONE,366
13-10-2021,UK,SPEAKERS,977
13-10-2021,UK,PHONE,468
14-10-2021,INDIA,SPEAKERS,736
14-10-2021,GERMANY,TAB,573
14-10-2021,US,TV,334
14-10-2021,US,IPHONE,707
15-10-2021,US,IPHONE,501
15-10-2021,GERMANY,IPHONE,171
15-10-2021,UK,TAB,902
15-10-2021,UK,TV,880
16-10-2021,GERMANY,IPHONE,533
16-10-2021,US,TV,426
16-10-2021,INDIA,TAB,261
16-10-2021,INDIA,TV,951
17-10-2021,GERMANY,IPHONE,809
18-10-2021,US,IPHONE,641
18-10-2021,GERMANY,TAB,687
18-10-2021,UK,PHONE,627
18-10-2021,US,IPHONE,71
18-10-2021,INDIA,PHONE,818
19-10-2021,INDIA,PHONE,383
19-10-2021,US,TV,586
19-10-2021,US,IPHONE,606
20-10-2021,GERMANY,IPHONE,159
20-10-2021,US,SPEAKERS,540
20-10-2021,INDIA,SPEAKERS,626
21-10-2021,GERMANY,PHONE,146
22-10-2021,UK,SPEAKERS,637
22-10-2021,UK,IPHONE,695
22-10-2021,INDIA,SPEAKERS,341
22-10-2021,UK,TV,30
23-10-2021,INDIA,TAB,899
23-10-2021,UK,SPEAKERS,673
23-10-2021,US,TAB,128
23-10-2021,GERMANY,TV,702
24-10-2021,INDIA,SPEAKERS,627
24-10-2021,UK,TAB,493
25-10-2021,INDIA,IPHONE,163
25-10-2021,US,TV,349
25-10-2021,INDIA,SPEAKERS,312
26-10-2021,US,IPHONE,680
26-10-2021,US,TV,146
26-10-2021,UK,IPHONE,741
26-10-2021,GERMANY,PHONE,539
26-10-2021,UK,TV,908
27-10-2021,US,TAB,890
28-10-2021,US,IPHONE,112
28-10-2021,US,SPEAKERS,271
29-10-2021,INDIA,TAB,632
29-10-2021,GERMANY,TAB,667
29-10-2021,INDIA,TV,173
29-10-2021,UK,SPEAKERS,303
29-10-2021,GERMANY,SPEAKERS,648
29-10-2021,GERMANY,PHONE,304
30-10-2021,US,PHONE,526
30-10-2021,GERMANY,TAB,613
30-10-2021,UK,TAB,555
30-10-2021,UK,TAB,969
31-10-2021,INDIA,TAB,515
31-10-2021,US,TAB,913
31-10-2021,UK,TV,559
31-10-2021,INDIA,IPHONE,270
31-10-2021,UK,TAB,331
01-11-2021,INDIA,PHONE,915
02-11-2021,GERMANY,PHONE,551
02-11-2021,UK,TV,603
02-11-2021,UK,TV,590
02-11-2021,US,PHONE,647
03-11-2021,INDIA,SPEAKERS,108
03-11-2021,INDIA,TV,187
03-11-2021,INDIA,IPHONE,145
03-11-2021,UK,SPEAKERS,221
04-11-2021,UK,TV,587
04-11-2021,GERMANY,TAB,619
04-11-2021,US,IPHONE,475
05-11-2021,UK,PHONE,176
05-11-2021,INDIA,TAB,491
05-11-2021,GERMANY,TAB,576
05-11-2021,INDIA,TV,246
05-11-2021,UK,SPEAKERS,543
06-11-2021,US,TV,181
06-11-2021,GERMANY,PHONE,114
06-11-2021,UK,TV,707
07-11-2021,GERMANY,TV,560
07-11-2021,GERMANY,TV,609
07-11-2021,GERMANY,IPHONE,94
07-11-2021,UK,TV,997
08-11-2021,GERMANY,TAB,754
09-11-2021,US,TV,552
09-11-2021,INDIA,TV,469
10-11-2021,GERMANY,IPHONE,245
10-11-2021,INDIA,TAB,678
10-11-2021,INDIA,TV,967
10-11-2021,US,PHONE,76
10-11-2021,UK,PHONE,787
10-11-2021,INDIA,TAB,863
10-11-2021,INDIA,TAB,178
11-11-2021,UK,TV,348
11-11-2021,GERMANY,SPEAKERS,593
12-11-2021,UK,PHONE,333
12-11-2021,INDIA,SPEAKERS,394
13-11-2021,US,SPEAKERS,979
13-11-2021,GERMANY,PHONE,827
13-11-2021,UK,TV,146
13-11-2021,UK,PHONE,367
13-11-2021,INDIA,IPHONE,10
14-11-2021,GERMANY,PHONE,343
14-11-2021,UK,IPHONE,586
15-11-2021,GERMANY,SPEAKERS,624
15-11-2021,US,PHONE,542
15-11-2021,UK,TV,31
16-11-2021,US,IPHONE,620
17-11-2021,UK,PHONE,927
17-11-2021,GERMANY,TV,426
17-11-2021,US,TAB,280
18-11-2021,GERMANY,SPEAKERS,982
19-11-2021,INDIA,TAB,556
19-11-2021,INDIA,IPHONE,998
20-11-2021,UK,TV,282
20-11-2021,INDIA,PHONE,651
20-11-2021,US,SPEAKERS,286
21-11-2021,US,TV,228
21-11-2021,US,TAB,686
21-11-2021,INDIA,PHONE,429
22-11-2021,US,SPEAKERS,100
25-11-2021,UK,SPEAKERS,873
25-11-2021,UK,TAB,842
25-11-2021,UK,SPEAKERS,287
26-11-2021,INDIA,IPHONE,715
26-11-2021,INDIA,SPEAKERS,995
27-11-2021,GERMANY,SPEAKERS,495
27-11-2021,UK,TV,10
27-11-2021,GERMANY,TAB,439
27-11-2021,US,TV,842
28-11-2021,INDIA,TV,871
29-11-2021,UK,PHONE,304
29-11-2021,UK,TAB,125
29-11-2021,UK,TAB,992
30-11-2021,GERMANY,PHONE,394
01-12-2021,GERMANY,TAB,621
01-12-2021,GERMANY,PHONE,809
01-12-2021,UK,SPEAKERS,655
01-12-2021,US,TAB,505
01-12-2021,US,TAB,635
02-12-2021,GERMANY,SPEAKERS,988
02-12-2021,UK,SPEAKERS,756
03-12-2021,UK,TAB,470
04-12-2021,INDIA,SPEAKERS,312
04-12-2021,UK,PHONE,185
04-12-2021,INDIA,IPHONE,433
05-12-2021,UK,SPEAKERS,81
06-12-2021,US,TV,410
06-12-2021,INDIA,IPHONE,573
06-12-2021,US,IPHONE,558
08-12-2021,INDIA,TV,913
09-12-2021,US,IPHONE,488
09-12-2021,US,PHONE,517
09-12-2021,UK,SPEAKERS,978
09-12-2021,GERMANY,SPEAKERS,445
09-12-2021,UK,PHONE,241
10-12-2021,UK,IPHONE,240
10-12-2021,GERMANY,TV,508
10-12-2021,UK,PHONE,959
10-12-2021,INDIA,IPHONE,339
10-12-2021,GERMANY,TAB,998
11-12-2021,GERMANY,TV,530
12-12-2021,UK,SPEAKERS,621
13-12-2021,UK,TAB,510
13-12-2021,GERMANY,IPHONE,114
14-12-2021,UK,IPHONE,96
14-12-2021,INDIA,TAB,307
14-12-2021,INDIA,TAB,796
14-12-2021,US,TAB,535
14-12-2021,US,TV,58
15-12-2021,INDIA,TAB,230
15-12-2021,US,SPEAKERS,93
16-12-2021,GERMANY,TAB,157
16-12-2021,INDIA,TAB,942
16-12-2021,INDIA,SPEAKERS,517
16-12-2021,INDIA,TAB,381
16-12-2021,UK,PHONE,773
17-12-2021,US,IPHONE,905
17-12-2021,GERMANY,IPHONE,309
18-12-2021,GERMANY,TV,279
18-12-2021,INDIA,PHONE,424
18-12-2021,GERMANY,SPEAKERS,7
19-12-2021,GERMANY,PHONE,810
20-12-2021,INDIA,TV,961
20-12-2021,INDIA,PHONE,485
20-12-2021,US,TV,180
21-12-2021,US,PHONE,175
21-12-2021,US,TV,837
22-12-2021,INDIA,SPEAKERS,880
23-12-2021,INDIA,TAB,325
23-12-2021,INDIA,PHONE,267
23-12-2021,US,SPEAKERS,508
24-12-2021,GERMANY,TAB,144
24-12-2021,US,SPEAKERS,571
24-12-2021,US,PHONE,178
25-12-2021,UK,PHONE,621
26-12-2021,UK,TV,5
26-12-2021,GERMANY,PHONE,250
26-12-2021,INDIA,TV,9
26-12-2021,UK,TV,474
27-12-2021,GERMANY,PHONE,47
27-12-2021,UK,PHONE,862
27-12-2021,US,SPEAKERS,761
27-12-2021,US,TAB,349
29-12-2021,UK,SPEAKERS,406
29-12-2021,INDIA,SPEAKERS,734
29-12-2021,US,IPHONE,197
30-12-2021,GERMANY,PHONE,787
30-12-2021,US,TV,1000
31-12-2021,UK,TV,887
